<TextureAtlas name="caster" imagePath="texture.png">
 <SubTexture name="33.png" x="1765" y="277" width="28" height="39"/>
 <SubTexture name="34.png" x="162" y="271" width="29" height="40"/>
 <SubTexture name="35.png" x="771" y="319" width="25" height="39"/>
 <SubTexture name="36.png" x="1765" y="236" width="28" height="39"/>
 <SubTexture name="37.png" x="1765" y="318" width="25" height="40"/>
 <SubTexture name="38.png" x="771" y="278" width="26" height="39"/>
 <SubTexture name="39.png" x="162" y="313" width="27" height="39"/>
 <SubTexture name="40.png" x="771" y="237" width="26" height="39"/>
 <SubTexture name="补间 97" x="1343" y="353" width="34" height="53"/>
 <SubTexture name="补间 105" x="983" y="349" width="216" height="81"/>
 <SubTexture name="67.png" x="1201" y="353" width="140" height="53"/>
 <SubTexture name="68.png" x="193" y="271" width="171" height="56"/>
 <SubTexture name="补间 96" x="1431" y="504" width="34" height="53"/>
 <SubTexture name="补间 98" x="1688" y="495" width="60" height="56"/>
 <SubTexture name="补间 99" x="875" y="496" width="60" height="56"/>
 <SubTexture name="补间 100" x="502" y="433" width="70" height="60"/>
 <SubTexture name="补间 101" x="574" y="446" width="70" height="60"/>
 <SubTexture name="补间 102" x="677" y="436" width="75" height="65"/>
 <SubTexture name="补间 103" x="889" y="429" width="75" height="65"/>
 <SubTexture name="补间 104" x="1325" y="408" width="50" height="56"/>
 <SubTexture name="补间 94" x="606" y="508" width="35" height="49"/>
 <SubTexture name="补间 53" x="0" y="271" width="160" height="122"/>
 <SubTexture name="补间 74" x="799" y="240" width="182" height="117"/>
 <SubTexture name="补间 75" x="1390" y="235" width="186" height="118"/>
 <SubTexture name="补间 76" x="1795" y="122" width="188" height="118"/>
 <SubTexture name="补间 77" x="584" y="118" width="193" height="117"/>
 <SubTexture name="补间 78" x="1202" y="232" width="186" height="119"/>
 <SubTexture name="补间 79" x="391" y="117" width="191" height="120"/>
 <SubTexture name="补间 80" x="1809" y="0" width="193" height="120"/>
 <SubTexture name="补间 81" x="803" y="0" width="198" height="119"/>
 <SubTexture name="补间 82" x="195" y="157" width="193" height="112"/>
 <SubTexture name="补间 83" x="1204" y="118" width="197" height="112"/>
 <SubTexture name="补间 84" x="1003" y="114" width="199" height="112"/>
 <SubTexture name="补间 85" x="1003" y="0" width="204" height="112"/>
 <SubTexture name="补间 86" x="1403" y="118" width="194" height="115"/>
 <SubTexture name="补间 87" x="1411" y="0" width="198" height="116"/>
 <SubTexture name="补间 88" x="1209" y="0" width="200" height="116"/>
 <SubTexture name="补间 89" x="391" y="0" width="205" height="115"/>
 <SubTexture name="补间 90" x="584" y="237" width="185" height="116"/>
 <SubTexture name="补间 91" x="799" y="121" width="192" height="117"/>
 <SubTexture name="补间 92" x="1611" y="0" width="196" height="117"/>
 <SubTexture name="补间 93" x="598" y="0" width="203" height="116"/>
 <SubTexture name="28.png" x="390" y="239" width="182" height="117"/>
 <SubTexture name="29.png" x="993" y="228" width="186" height="119"/>
 <SubTexture name="31.png" x="0" y="157" width="193" height="112"/>
 <SubTexture name="30.png" x="1599" y="119" width="194" height="115"/>
 <SubTexture name="32.png" x="1578" y="236" width="185" height="116"/>
 <SubTexture name="补间 49" x="162" y="354" width="23" height="38"/>
 <SubTexture name="补间 47" x="0" y="465" width="117" height="62"/>
 <SubTexture name="补间 54" x="368" y="489" width="119" height="62"/>
 <SubTexture name="补间 56" x="937" y="503" width="117" height="61"/>
 <SubTexture name="补间 58" x="1201" y="408" width="122" height="63"/>
 <SubTexture name="补间 60" x="1757" y="460" width="121" height="62"/>
 <SubTexture name="补间 62" x="378" y="358" width="122" height="64"/>
 <SubTexture name="补间 64" x="1553" y="498" width="119" height="62"/>
 <SubTexture name="补间 66" x="1750" y="524" width="117" height="61"/>
 <SubTexture name="补间 68" x="378" y="424" width="122" height="63"/>
 <SubTexture name="补间 70" x="1565" y="434" width="121" height="62"/>
 <SubTexture name="补间 72" x="798" y="359" width="122" height="64"/>
 <SubTexture name="22.png" x="754" y="490" width="119" height="62"/>
 <SubTexture name="23.png" x="0" y="529" width="117" height="61"/>
 <SubTexture name="24.png" x="765" y="425" width="122" height="63"/>
 <SubTexture name="25.png" x="1198" y="473" width="121" height="62"/>
 <SubTexture name="26.png" x="1763" y="394" width="122" height="64"/>
 <SubTexture name="补间 45" x="677" y="355" width="86" height="79"/>
 <SubTexture name="补间 43" x="1374" y="504" width="55" height="49"/>
 <SubTexture name="补间 41" x="1985" y="159" width="56" height="77"/>
 <SubTexture name="补间 39" x="2004" y="84" width="28" height="73"/>
 <SubTexture name="补间 37" x="1887" y="394" width="77" height="82"/>
 <SubTexture name="补间 35" x="1325" y="466" width="47" height="47"/>
 <SubTexture name="补间 33" x="183" y="504" width="82" height="33"/>
 <SubTexture name="补间 31" x="1940" y="242" width="33" height="65"/>
 <SubTexture name="54.png" x="2004" y="0" width="29" height="82"/>
 <SubTexture name="补间 29" x="191" y="329" width="101" height="95"/>
 <SubTexture name="补间 27" x="267" y="512" width="48" height="33"/>
 <SubTexture name="补间 25" x="317" y="512" width="39" height="32"/>
 <SubTexture name="kongbai" x="2035" y="18" width="11" height="11"/>
 <SubTexture name="guanghuan" x="1083" y="497" width="108" height="41"/>
 <SubTexture name="60.png" x="966" y="432" width="115" height="69"/>
 <SubTexture name="61.png" x="187" y="426" width="105" height="76"/>
 <SubTexture name="62.png" x="1379" y="355" width="109" height="80"/>
 <SubTexture name="63.png" x="1578" y="354" width="113" height="78"/>
 <SubTexture name="64.png" x="0" y="395" width="118" height="68"/>
 <SubTexture name="65.png" x="1083" y="432" width="113" height="63"/>
 <SubTexture name="66.png" x="1377" y="437" width="101" height="65"/>
 <SubTexture name="41.png" x="1480" y="444" width="71" height="66"/>
 <SubTexture name="42.png" x="502" y="358" width="68" height="73"/>
 <SubTexture name="43.png" x="1966" y="406" width="73" height="68"/>
 <SubTexture name="44.png" x="294" y="443" width="72" height="67"/>
 <SubTexture name="45.png" x="1693" y="354" width="68" height="76"/>
 <SubTexture name="48.png" x="574" y="355" width="101" height="89"/>
 <SubTexture name="49.png" x="1795" y="242" width="143" height="150"/>
 <SubTexture name="50.png" x="198" y="0" width="191" height="155"/>
 <SubTexture name="51.png" x="0" y="0" width="196" height="155"/>
 <SubTexture name="52.png" x="294" y="329" width="82" height="112"/>
 <SubTexture name="53.png" x="1975" y="306" width="71" height="98"/>
 <SubTexture name="69.png" x="556" y="508" width="48" height="45"/>
 <SubTexture name="70.png" x="705" y="503" width="46" height="48"/>
 <SubTexture name="71.png" x="120" y="460" width="61" height="61"/>
 <SubTexture name="72.png" x="646" y="503" width="57" height="59"/>
 <SubTexture name="73.png" x="1693" y="432" width="62" height="61"/>
 <SubTexture name="74.png" x="120" y="395" width="65" height="63"/>
 <SubTexture name="47.png" x="1490" y="355" width="73" height="87"/>
 <SubTexture name="55.png" x="489" y="495" width="65" height="51"/>
 <SubTexture name="56.png" x="1985" y="238" width="61" height="66"/>
 <SubTexture name="57.png" x="1966" y="476" width="56" height="66"/>
 <SubTexture name="58.png" x="1880" y="478" width="54" height="64"/>
 <SubTexture name="59.png" x="922" y="359" width="56" height="68"/>
 <SubTexture name="1.png" x="1940" y="347" width="33" height="35"/>
 <SubTexture name="补间 24" x="1181" y="228" width="19" height="15"/>
 <SubTexture name="补间 23" x="2035" y="0" width="7" height="16"/>
 <SubTexture name="补间 22" x="1985" y="122" width="14" height="21"/>
 <SubTexture name="补间 21" x="366" y="271" width="22" height="15"/>
 <SubTexture name="补间 20" x="765" y="360" width="23" height="16"/>
 <SubTexture name="补间 19" x="779" y="118" width="18" height="27"/>
 <SubTexture name="2.png" x="1940" y="309" width="33" height="36"/>
</TextureAtlas>