<dragonBones name="yujing1" frameRate="24" version="2.3">
 <armature name="yujing1">
  <bone name="图层 1">
   <transform x="-1.15" y="1.5" skX="0" skY="0" scX="2" scY="2"/>
  </bone>
  <skin name="default">
   <slot name="图层 1" parent="图层 1" z="0">
    <display name="34.png" type="image">
     <transform x="-68.5" y="-22.5" skX="0" skY="0" scX="1" scY="1" pX="0" pY="0"/>
    </display>
    <display name="35.png" type="image">
     <transform x="-68.5" y="-22.5" skX="0" skY="0" scX="1" scY="1" pX="0" pY="0"/>
    </display>
    <display name="36.png" type="image">
     <transform x="-66" y="-19.5" skX="0" skY="0" scX="1" scY="1" pX="0" pY="0"/>
    </display>
    <display name="37.png" type="image">
     <transform x="-67.5" y="-21.5" skX="0" skY="0" scX="1" scY="1" pX="0" pY="0"/>
    </display>
   </slot>
  </skin>
  <animation name="daiji" fadeInTime="0" duration="8" scale="1" loop="0" autoTween="1" tweenEasing="NaN">
   <timeline name="图层 1" scale="1" offset="0">
    <frame z="0" duration="2">
     <transform x="-1.15" y="1.5" skX="0" skY="0" scX="2" scY="2" pX="0" pY="0"/>
    </frame>
    <frame z="0" displayIndex="1" duration="2">
     <transform x="-1.15" y="1.5" skX="0" skY="0" scX="2" scY="2" pX="0" pY="0"/>
    </frame>
    <frame z="0" displayIndex="2" duration="2">
     <transform x="1" y="1.5" skX="0" skY="0" scX="2" scY="2" pX="0" pY="0"/>
    </frame>
    <frame z="0" displayIndex="3" duration="2">
     <transform x="-0.5" y="1.85" skX="0" skY="0" scX="2" scY="2" pX="0" pY="0"/>
    </frame>
   </timeline>
  </animation>
 </armature>
</dragonBones>