<dragonBones name="guai_siwang" frameRate="24" version="2.3">
 <armature name="guai_siwang">
  <bone name="图层 2">
   <transform x="-26.7" y="-92.6" skX="0" skY="0" scX="3.44" scY="3.44"/>
  </bone>
  <bone name="图层 3">
   <transform x="-2.65" y="-45.6" skX="0" skY="0" scX="2.57" scY="0.89"/>
  </bone>
  <bone name="图层 5">
   <transform x="-7.1" y="7.8" skX="0" skY="0" scX="3.02" scY="2.48"/>
  </bone>
  <skin name="default">
   <slot name="图层 2" parent="图层 2" z="0">
    <display name="1.png" type="image">
     <transform x="-15.5" y="-11.5" skX="0" skY="0" scX="1" scY="1" pX="0" pY="0"/>
    </display>
    <display name="2.png" type="image">
     <transform x="-51" y="-17.95" skX="0" skY="0" scX="1" scY="1" pX="0" pY="0"/>
    </display>
    <display name="3.png" type="image">
     <transform x="-50.5" y="-19" skX="0" skY="0" scX="1" scY="1" pX="0" pY="0"/>
    </display>
    <display name="4.png" type="image">
     <transform x="-72.5" y="-26.5" skX="0" skY="0" scX="1" scY="1" pX="0" pY="0"/>
    </display>
    <display name="5.png" type="image">
     <transform x="-73.5" y="-29.5" skX="0" skY="0" scX="1" scY="1" pX="0" pY="0"/>
    </display>
   </slot>
   <slot name="图层 3" parent="图层 3" z="1">
    <display name="6.png" type="image">
     <transform x="-38" y="-47.45" skX="0" skY="0" scX="1" scY="1" pX="0" pY="0"/>
    </display>
    <display name="7.png" type="image">
     <transform x="-45.5" y="-51" skX="0" skY="0" scX="1" scY="1" pX="0" pY="0"/>
    </display>
    <display name="8.png" type="image">
     <transform x="-48" y="-54.5" skX="0" skY="0" scX="1" scY="1" pX="0" pY="0"/>
    </display>
    <display name="9.png" type="image">
     <transform x="-48" y="-50.05" skX="0" skY="0" scX="1" scY="1" pX="0" pY="0"/>
    </display>
    <display name="10.png" type="image">
     <transform x="-43" y="-45" skX="0" skY="0" scX="1" scY="1" pX="0" pY="0"/>
    </display>
    <display name="11.png" type="image">
     <transform x="-44.5" y="-46" skX="0" skY="0" scX="1" scY="1" pX="0" pY="0"/>
    </display>
   </slot>
   <slot name="图层 5" parent="图层 5" z="2">
    <display name="kongbai" type="image">
     <transform x="-2.65" y="-3.85" skX="0" skY="0" scX="1" scY="1" pX="7.45" pY="9.2"/>
    </display>
   </slot>
  </skin>
  <animation name="daiji" fadeInTime="0" duration="22" scale="1" loop="1" autoTween="0" tweenEasing="NaN">
   <timeline name="图层 2" scale="1" offset="0">
    <frame z="0" duration="1">
     <transform x="-26.7" y="-92.6" skX="0" skY="0" scX="3.44" scY="3.44" pX="0" pY="0"/>
    </frame>
    <frame z="0" duration="1">
     <transform x="-36.7" y="-84.6" skX="0" skY="0" scX="3.44" scY="3.44" pX="0" pY="0"/>
    </frame>
    <frame z="0" displayIndex="1" duration="1">
     <transform x="-51" y="-56" skX="-30" skY="-30" scX="1.98" scY="1.98" pX="0" pY="0"/>
    </frame>
    <frame z="0" displayIndex="1" duration="1">
     <transform x="-65" y="-36" skX="-30" skY="-30" scX="1.98" scY="1.98" pX="0" pY="-0.05"/>
    </frame>
    <frame z="0" displayIndex="2" duration="1">
     <transform x="-26.65" y="-35.65" skX="0" skY="0" scX="2.94" scY="2.94" pX="0" pY="0"/>
    </frame>
    <frame z="0" displayIndex="2" duration="1">
     <transform x="-8.65" y="-47.65" skX="0" skY="0" scX="2.94" scY="2.94" pX="0" pY="0"/>
    </frame>
    <frame z="0" displayIndex="3" duration="1">
     <transform x="-7.65" y="-59.65" skX="0" skY="0" scX="2.17" scY="2.17" pX="0" pY="0"/>
    </frame>
    <frame z="0" displayIndex="3" duration="1">
     <transform x="-7.65" y="-71.6" skX="0" skY="0" scX="1.87" scY="2.43" pX="0" pY="0"/>
    </frame>
    <frame z="0" displayIndex="4" duration="2">
     <transform x="-13" y="-64.7" skX="0" skY="0" scX="1.75" scY="2.92" pX="0" pY="0"/>
    </frame>
    <frame duration="12" displayIndex="-1"/>
   </timeline>
   <timeline name="图层 3" scale="1" offset="0">
    <frame duration="7" displayIndex="-1"/>
    <frame z="1" duration="1">
     <transform x="-2.65" y="-45.6" skX="0" skY="0" scX="2.57" scY="0.89" pX="0" pY="0"/>
    </frame>
    <frame z="1" duration="1">
     <transform x="-2.65" y="-62.6" skX="0" skY="0" scX="2.57" scY="1.25" pX="0" pY="0"/>
    </frame>
    <frame z="1" duration="1">
     <transform x="-2.65" y="-79.6" skX="0" skY="0" scX="3.02" scY="1.89" pX="0" pY="0"/>
    </frame>
    <frame z="1" duration="1">
     <transform x="-2.65" y="-89.5" skX="0" skY="0" scX="3.02" scY="2.01" pX="0" pY="-0.05"/>
    </frame>
    <frame z="1" displayIndex="1" duration="1">
     <transform x="-4.65" y="-90.95" skX="-15" skY="-15" scX="2.02" scY="2.02" pX="0" pY="0"/>
    </frame>
    <frame z="1" displayIndex="1" duration="1">
     <transform x="-4.6" y="-98.85" skX="-15" skY="-15" scX="2.15" scY="2.02" pX="0" pY="0"/>
    </frame>
    <frame z="1" displayIndex="2" duration="1">
     <transform x="-4" y="-116.6" skX="-15" skY="-15" scX="1.98" scY="1.98" pX="0" pY="0"/>
    </frame>
    <frame z="1" displayIndex="2" duration="1">
     <transform x="-4" y="-122.6" skX="-15" skY="-15" scX="1.88" scY="1.98" pX="0" pY="0"/>
    </frame>
    <frame z="1" displayIndex="3" duration="1">
     <transform x="-3" y="-147.45" skX="0" skY="0" scX="2" scY="2" pX="0" pY="0"/>
    </frame>
    <frame z="1" displayIndex="3" duration="1">
     <transform x="-3" y="-154.45" skX="0" skY="0" scX="1.88" scY="2.1" pX="0" pY="0"/>
    </frame>
    <frame z="1" displayIndex="4" duration="1">
     <transform x="-4.65" y="-208.95" skX="0" skY="0" scX="2.22" scY="2.22" pX="0" pY="0"/>
    </frame>
    <frame z="1" displayIndex="4" duration="1">
     <transform x="-4.65" y="-217.95" skX="0" skY="0" scX="2.22" scY="2.33" pX="0" pY="0"/>
    </frame>
    <frame z="1" displayIndex="5" duration="1">
     <transform x="-5.65" y="-261.55" skX="0" skY="0" scX="1.63" scY="1.63" pX="0" pY="0"/>
    </frame>
    <frame z="1" displayIndex="5" duration="1">
     <transform x="-5.65" y="-270.65" skX="0" skY="0" scX="1.63" scY="1.28" pX="0" pY="0.05"/>
    </frame>
    <frame duration="1" displayIndex="-1"/>
   </timeline>
   <timeline name="图层 5" scale="1" offset="0">
    <frame duration="9" displayIndex="-1"/>
    <frame z="2" event="emitDisappear" duration="1">
     <transform x="-7.1" y="7.8" skX="0" skY="0" scX="3.02" scY="2.48" pX="0" pY="0"/>
     <colorTransform aO="0" rO="0" gO="0" bO="0" aM="0" rM="100" gM="100" bM="100"/>
    </frame>
    <frame duration="12" displayIndex="-1"/>
   </timeline>
  </animation>
 </armature>
</dragonBones>