<TextureAtlas name="guai_siwang" imagePath="texture.png">
 <SubTexture name="1.png" x="340" y="55" width="31" height="23"/>
 <SubTexture name="2.png" x="91" y="151" width="102" height="36"/>
 <SubTexture name="3.png" x="91" y="111" width="101" height="38"/>
 <SubTexture name="4.png" x="247" y="0" width="145" height="53"/>
 <SubTexture name="5.png" x="0" y="0" width="147" height="59"/>
 <SubTexture name="6.png" x="428" y="102" width="76" height="95"/>
 <SubTexture name="7.png" x="247" y="55" width="91" height="102"/>
 <SubTexture name="8.png" x="149" y="0" width="96" height="109"/>
 <SubTexture name="9.png" x="394" y="0" width="96" height="100"/>
 <SubTexture name="10.png" x="340" y="102" width="86" height="90"/>
 <SubTexture name="11.png" x="0" y="61" width="89" height="92"/>
 <SubTexture name="kongbai" x="91" y="61" width="21" height="21"/>
</TextureAtlas>