<TextureAtlas name="archer" imagePath="texture.png">
 <SubTexture name="补间 19" x="1158" y="408" width="151" height="157"/>
 <SubTexture name="shenti14.png" x="147" y="942" width="91" height="98"/>
 <SubTexture name="补间 18" x="1121" y="474" width="23" height="32"/>
 <SubTexture name="yifu4.png" x="1990" y="431" width="49" height="27"/>
 <SubTexture name="shou6.png" x="813" y="409" width="33" height="33"/>
 <SubTexture name="补间 32" x="1990" y="402" width="49" height="27"/>
 <SubTexture name="补间 17" x="1564" y="1040" width="143" height="27"/>
 <SubTexture name="yifu3.png" x="1121" y="441" width="35" height="31"/>
 <SubTexture name="gong.png" x="367" y="947" width="219" height="49"/>
 <SubTexture name="补间 31" x="1121" y="408" width="35" height="31"/>
 <SubTexture name="补间 16" x="1998" y="343" width="38" height="57"/>
 <SubTexture name="补间 13" x="1617" y="468" width="42" height="26"/>
 <SubTexture name="补间 15" x="813" y="256" width="33" height="63"/>
 <SubTexture name="补间 12" x="1999" y="251" width="35" height="90"/>
 <SubTexture name="补间 14" x="1917" y="253" width="79" height="107"/>
 <SubTexture name="补间 11" x="1999" y="153" width="38" height="96"/>
 <SubTexture name="qunzi7.png" x="633" y="857" width="131" height="106"/>
 <SubTexture name="qunzi9.png" x="1605" y="822" width="118" height="121"/>
 <SubTexture name="qunzi12.png" x="0" y="777" width="150" height="112"/>
 <SubTexture name="qunzi14.png" x="643" y="724" width="138" height="131"/>
 <SubTexture name="qunzi16.png" x="980" y="731" width="109" height="145"/>
 <SubTexture name="qunzi18.png" x="577" y="1095" width="98" height="40"/>
 <SubTexture name="qunzi20.png" x="1583" y="945" width="131" height="64"/>
 <SubTexture name="qunzi22.png" x="0" y="891" width="145" height="85"/>
 <SubTexture name="qunzi24.png" x="1678" y="328" width="69" height="98"/>
 <SubTexture name="qunzi27.png" x="231" y="1073" width="111" height="51"/>
 <SubTexture name="qunzi29.png" x="692" y="1045" width="74" height="93"/>
 <SubTexture name="shenti2.png" x="427" y="1027" width="72" height="102"/>
 <SubTexture name="补间 26" x="353" y="1027" width="72" height="102"/>
 <SubTexture name="xiati3.png" x="1617" y="438" width="46" height="28"/>
 <SubTexture name="补间 9" x="949" y="446" width="31" height="31"/>
 <SubTexture name="补间 30" x="1990" y="460" width="46" height="28"/>
 <SubTexture name="补间 10" x="1770" y="1083" width="60" height="56"/>
 <SubTexture name="补间 7" x="1693" y="65" width="57" height="96"/>
 <SubTexture name="yifu1.png" x="813" y="321" width="33" height="42"/>
 <SubTexture name="qunzi30.png" x="420" y="732" width="192" height="104"/>
 <SubTexture name="qunzi32.png" x="1091" y="794" width="207" height="72"/>
 <SubTexture name="qunzi34.png" x="1121" y="567" width="184" height="129"/>
 <SubTexture name="qunzi36.png" x="833" y="492" width="146" height="154"/>
 <SubTexture name="qunzi38.png" x="451" y="612" width="190" height="118"/>
 <SubTexture name="补间 8" x="1693" y="163" width="50" height="95"/>
 <SubTexture name="补间 29" x="1415" y="666" width="192" height="104"/>
 <SubTexture name="tou2.png" x="930" y="1104" width="67" height="70"/>
 <SubTexture name="补间 28" x="1832" y="1106" width="67" height="70"/>
 <SubTexture name="yifu2.png" x="1633" y="396" width="34" height="40"/>
 <SubTexture name="shenti6.png" x="0" y="978" width="84" height="101"/>
 <SubTexture name="补间 23" x="813" y="365" width="33" height="42"/>
 <SubTexture name="补间 27" x="949" y="404" width="34" height="40"/>
 <SubTexture name="补间 6" x="1999" y="0" width="39" height="151"/>
 <SubTexture name="补间 2" x="949" y="268" width="35" height="66"/>
 <SubTexture name="shenti5.png" x="1300" y="831" width="84" height="145"/>
 <SubTexture name="tou1.png" x="523" y="998" width="59" height="66"/>
 <SubTexture name="补间 22" x="78" y="1081" width="67" height="70"/>
 <SubTexture name="补间 5" x="1311" y="495" width="102" height="185"/>
 <SubTexture name="补间 21" x="1564" y="1011" width="153" height="27"/>
 <SubTexture name="shenti3.png" x="1381" y="996" width="84" height="99"/>
 <SubTexture name="shenti4.png" x="1961" y="1011" width="81" height="99"/>
 <SubTexture name="qunzi10.png" x="1386" y="870" width="195" height="79"/>
 <SubTexture name="qunzi13.png" x="1091" y="868" width="200" height="78"/>
 <SubTexture name="qunzi15.png" x="0" y="639" width="156" height="136"/>
 <SubTexture name="shenti8.png" x="768" y="1045" width="75" height="87"/>
 <SubTexture name="shenti9.png" x="1203" y="1044" width="80" height="87"/>
 <SubTexture name="shenti10.png" x="501" y="1066" width="74" height="87"/>
 <SubTexture name="shenti11.png" x="1836" y="1021" width="92" height="83"/>
 <SubTexture name="shenti12.png" x="845" y="1057" width="83" height="83"/>
 <SubTexture name="shenti13.png" x="147" y="1042" width="82" height="85"/>
 <SubTexture name="补间 4" x="86" y="978" width="59" height="66"/>
 <SubTexture name="补间 20" x="813" y="444" width="33" height="33"/>
 <SubTexture name="qunzi6.png" x="783" y="782" width="189" height="99"/>
 <SubTexture name="qunzi8.png" x="646" y="605" width="180" height="117"/>
 <SubTexture name="dao1.png" x="367" y="998" width="154" height="27"/>
 <SubTexture name="qunzi17.png" x="418" y="838" width="213" height="65"/>
 <SubTexture name="qunzi19.png" x="766" y="883" width="204" height="66"/>
 <SubTexture name="qunzi21.png" x="1408" y="772" width="195" height="96"/>
 <SubTexture name="qunzi23.png" x="659" y="448" width="150" height="155"/>
 <SubTexture name="zheng4.png" x="158" y="659" width="104" height="154"/>
 <SubTexture name="zheng5.png" x="1740" y="799" width="118" height="135"/>
 <SubTexture name="qunzi25.png" x="1086" y="948" width="199" height="65"/>
 <SubTexture name="qunzi26.png" x="1118" y="698" width="185" height="94"/>
 <SubTexture name="qunzi28.png" x="1609" y="686" width="129" height="134"/>
 <SubTexture name="tou4.png" x="1686" y="260" width="61" height="66"/>
 <SubTexture name="补间 25" x="1692" y="1083" width="76" height="80"/>
 <SubTexture name="补间 1" x="1633" y="264" width="43" height="64"/>
 <SubTexture name="dao2.png" x="1076" y="1015" width="153" height="27"/>
 <SubTexture name="shou4.png" x="949" y="336" width="35" height="66"/>
 <SubTexture name="补间 24" x="1361" y="1097" width="75" height="64"/>
 <SubTexture name="gongjian.png" x="766" y="951" width="167" height="32"/>
 <SubTexture name="shou5.png" x="1633" y="330" width="43" height="64"/>
 <SubTexture name="zheng1.png" x="1744" y="660" width="135" height="137"/>
 <SubTexture name="zheng2.png" x="271" y="374" width="179" height="140"/>
 <SubTexture name="zheng3.png" x="848" y="268" width="99" height="222"/>
 <SubTexture name="zheng7.png" x="981" y="592" width="135" height="137"/>
 <SubTexture name="zheng6.png" x="0" y="497" width="179" height="140"/>
 <SubTexture name="zheng8.png" x="1744" y="490" width="136" height="168"/>
 <SubTexture name="zheng9.png" x="675" y="256" width="136" height="190"/>
 <SubTexture name="zheng10.png" x="282" y="218" width="179" height="154"/>
 <SubTexture name="kongbai" x="811" y="479" width="21" height="21"/>
 <SubTexture name="qunzi31.png" x="1725" y="936" width="130" height="79"/>
 <SubTexture name="qunzi33.png" x="1467" y="996" width="95" height="86"/>
 <SubTexture name="qunzi35.png" x="1860" y="906" width="99" height="113"/>
 <SubTexture name="qunzi37.png" x="1961" y="906" width="84" height="103"/>
 <SubTexture name="qunzi39.png" x="1285" y="1071" width="74" height="82"/>
 <SubTexture name="1.png" x="1386" y="951" width="156" height="43"/>
 <SubTexture name="2.png" x="1562" y="1111" width="101" height="35"/>
 <SubTexture name="3.png" x="282" y="0" width="194" height="216"/>
 <SubTexture name="4.png" x="849" y="67" width="139" height="199"/>
 <SubTexture name="5.png" x="152" y="815" width="104" height="125"/>
 <SubTexture name="6.png" x="1437" y="65" width="254" height="105"/>
 <SubTexture name="7.png" x="1437" y="172" width="247" height="90"/>
 <SubTexture name="8.png" x="367" y="905" width="230" height="40"/>
 <SubTexture name="9.png" x="1333" y="0" width="102" height="285"/>
 <SubTexture name="10.png" x="1326" y="287" width="95" height="206"/>
 <SubTexture name="11.png" x="1669" y="428" width="73" height="112"/>
 <SubTexture name="12.png" x="478" y="0" width="202" height="197"/>
 <SubTexture name="13.png" x="985" y="408" width="134" height="182"/>
 <SubTexture name="14.png" x="1307" y="682" width="99" height="147"/>
 <SubTexture name="19.png" x="1058" y="1091" width="76" height="76"/>
 <SubTexture name="20.png" x="828" y="648" width="150" height="132"/>
 <SubTexture name="21.png" x="0" y="353" width="186" height="142"/>
 <SubTexture name="22.png" x="478" y="199" width="195" height="142"/>
 <SubTexture name="23.png" x="1437" y="264" width="194" height="138"/>
 <SubTexture name="24.png" x="268" y="516" width="181" height="137"/>
 <SubTexture name="25.png" x="1882" y="650" width="153" height="134"/>
 <SubTexture name="26.png" x="268" y="655" width="150" height="126"/>
 <SubTexture name="27.png" x="1762" y="0" width="235" height="133"/>
 <SubTexture name="28.png" x="463" y="343" width="194" height="136"/>
 <SubTexture name="29.png" x="1882" y="517" width="161" height="131"/>
 <SubTexture name="33.png" x="1881" y="786" width="137" height="118"/>
 <SubTexture name="34.png" x="990" y="68" width="178" height="172"/>
 <SubTexture name="35.png" x="990" y="242" width="166" height="164"/>
 <SubTexture name="36.png" x="1158" y="243" width="166" height="163"/>
 <SubTexture name="37.png" x="1749" y="324" width="156" height="164"/>
 <SubTexture name="38.png" x="264" y="783" width="152" height="109"/>
 <SubTexture name="39.png" x="1609" y="542" width="133" height="142"/>
 <SubTexture name="43.png" x="1719" y="1017" width="115" height="64"/>
 <SubTexture name="44.png" x="588" y="965" width="128" height="61"/>
 <SubTexture name="45.png" x="718" y="985" width="126" height="58"/>
 <SubTexture name="46.png" x="1076" y="1044" width="125" height="45"/>
 <SubTexture name="47.png" x="930" y="1062" width="126" height="40"/>
 <SubTexture name="48.png" x="1564" y="1069" width="126" height="40"/>
 <SubTexture name="49.png" x="0" y="292" width="272" height="59"/>
 <SubTexture name="50.png" x="1437" y="0" width="323" height="63"/>
 <SubTexture name="51.png" x="682" y="0" width="324" height="65"/>
 <SubTexture name="52.png" x="1008" y="0" width="323" height="66"/>
 <SubTexture name="40.png" x="1415" y="535" width="192" height="129"/>
 <SubTexture name="41.png" x="1423" y="404" width="192" height="129"/>
 <SubTexture name="42.png" x="452" y="481" width="192" height="129"/>
 <SubTexture name="66.png" x="311" y="1131" width="69" height="48"/>
 <SubTexture name="67.png" x="147" y="1129" width="77" height="52"/>
 <SubTexture name="68.png" x="1917" y="135" width="80" height="116"/>
 <SubTexture name="69.png" x="181" y="513" width="85" height="144"/>
 <SubTexture name="70.png" x="1907" y="362" width="81" height="153"/>
 <SubTexture name="71.png" x="188" y="353" width="81" height="158"/>
 <SubTexture name="72.png" x="1901" y="1112" width="78" height="58"/>
 <SubTexture name="15.png" x="1287" y="978" width="92" height="91"/>
 <SubTexture name="16.png" x="0" y="1081" width="76" height="79"/>
 <SubTexture name="17.png" x="974" y="878" width="110" height="110"/>
 <SubTexture name="18.png" x="258" y="894" width="107" height="106"/>
 <SubTexture name="60.png" x="231" y="1126" width="78" height="51"/>
 <SubTexture name="61.png" x="1467" y="1084" width="93" height="59"/>
 <SubTexture name="62.png" x="584" y="1028" width="106" height="65"/>
 <SubTexture name="63.png" x="240" y="1002" width="111" height="69"/>
 <SubTexture name="64.png" x="846" y="985" width="113" height="70"/>
 <SubTexture name="65.png" x="961" y="990" width="113" height="70"/>
 <SubTexture name="补间 33" x="0" y="0" width="280" height="290"/>
 <SubTexture name="54.png" x="1170" y="68" width="153" height="173"/>
 <SubTexture name="55.png" x="682" y="67" width="165" height="187"/>
 <SubTexture name="56.png" x="1752" y="135" width="163" height="187"/>
 <SubTexture name="xuan" x="1990" y="490" width="51" height="3"/>
</TextureAtlas>