<dragonBones name="sabar_effect" frameRate="24" version="2.3">
 <armature name="sabar_effect">
  <bone name="texiao42">
   <transform x="5.25" y="-2.35" skX="156.61" skY="156.61" scX="-1.14" scY="1.14"/>
  </bone>
  <bone name="jianchu0">
   <transform x="55.25" y="-22.7" skX="-167.45" skY="-167.45" scX="-0.64" scY="0.64"/>
  </bone>
  <bone name="ldg">
   <transform x="95.65" y="-68.8" skX="65.31" skY="73.31" scX="-0.42" scY="1.99"/>
  </bone>
  <bone name="hdg0">
   <transform x="49.15" y="-6.95" skX="-7.21" skY="-7.21" scX="-1.11" scY="0.73"/>
  </bone>
  <skin name="default">
   <slot name="texiao42" parent="texiao42" z="0">
    <display name="hurt_effect_res /baokai/B0001" type="image">
     <transform x="-125" y="-125" skX="0" skY="0" scX="1" scY="1" pX="0" pY="0"/>
    </display>
    <display name="hurt_effect_res /baokai/B0002" type="image">
     <transform x="-125" y="-125" skX="0" skY="0" scX="1" scY="1" pX="0" pY="0"/>
    </display>
    <display name="hurt_effect_res /baokai/B0003" type="image">
     <transform x="-125" y="-125" skX="0" skY="0" scX="1" scY="1" pX="0" pY="0"/>
    </display>
    <display name="hurt_effect_res /baokai/B0004" type="image">
     <transform x="-125" y="-125" skX="0" skY="0" scX="1" scY="1" pX="0" pY="0"/>
    </display>
    <display name="hurt_effect_res /baokai/B0005" type="image">
     <transform x="-125" y="-125" skX="0" skY="0" scX="1" scY="1" pX="0" pY="0"/>
    </display>
    <display name="hurt_effect_res /baokai/B0006" type="image">
     <transform x="-125" y="-125" skX="0" skY="0" scX="1" scY="1" pX="0" pY="0"/>
    </display>
    <display name="hurt_effect_res /baokai/B0007" type="image">
     <transform x="-125" y="-125" skX="0" skY="0" scX="1" scY="1" pX="0" pY="0"/>
    </display>
   </slot>
   <slot name="jianchu0" parent="jianchu0" z="1">
    <display name="hurt_effect_res /zha0002" type="image">
     <transform x="-85" y="-85" skX="0" skY="0" scX="1" scY="1" pX="0" pY="0"/>
    </display>
    <display name="hurt_effect_res /zha0003" type="image">
     <transform x="-85" y="-85" skX="0" skY="0" scX="1" scY="1" pX="0" pY="0"/>
    </display>
    <display name="hurt_effect_res /zha0004" type="image">
     <transform x="-85" y="-85" skX="0" skY="0" scX="1" scY="1" pX="0" pY="0"/>
    </display>
    <display name="hurt_effect_res /zha0005" type="image">
     <transform x="-85" y="-85" skX="0" skY="0" scX="1" scY="1" pX="0" pY="0"/>
    </display>
    <display name="hurt_effect_res /zha0006" type="image">
     <transform x="-85" y="-85" skX="0" skY="0" scX="1" scY="1" pX="0" pY="0"/>
    </display>
    <display name="hurt_effect_res /zha0007" type="image">
     <transform x="-85" y="-85" skX="0" skY="0" scX="1" scY="1" pX="0" pY="0"/>
    </display>
    <display name="hurt_effect_res /zha0008" type="image">
     <transform x="-85" y="-85" skX="0" skY="0" scX="1" scY="1" pX="0" pY="0"/>
    </display>
   </slot>
   <slot name="ldg" parent="ldg" z="2">
    <display name="hurt_effect_res /hurt_effect_res2/Shape/shape 24" type="image">
     <transform x="-281.8" y="-176.9" skX="0" skY="0" scX="1" scY="1" pX="-115.1" pY="-63.3"/>
    </display>
    <display name="hurt_effect_res /hurt_effect_res2/Shape/shape 26" type="image">
     <transform x="-228.25" y="-249.6" skX="0" skY="0" scX="1" scY="1" pX="-152.2" pY="-145.3"/>
    </display>
    <display name="hurt_effect_res /hurt_effect_res2/Shape/shape 28" type="image">
     <transform x="-218.7" y="-275.3" skX="0" skY="0" scX="1" scY="1" pX="-156.7" pY="-163.85"/>
    </display>
   </slot>
   <slot name="hdg0" parent="hdg0" z="3" blendMode="hardLight">
    <display name="hurt_effect_res /hurt_effect_res2/yj222 3" type="image">
     <transform x="-120.65" y="70.25" skX="0" skY="0" scX="1" scY="1" pX="50.55" pY="235.75"/>
    </display>
    <display name="hurt_effect_res /hurt_effect_res2/yj22 10" type="image">
     <transform x="-123.85" y="83.3" skX="0" skY="0" scX="1" scY="1" pX="139.15" pY="249.85"/>
    </display>
    <display name="hurt_effect_res /hurt_effect_res2/yj22 11" type="image">
     <transform x="-94.3" y="96.25" skX="0" skY="0" scX="1" scY="1" pX="104.15" pY="230.75"/>
    </display>
   </slot>
  </skin>
  <animation name="jineng1" fadeInTime="0" duration="10" scale="1" loop="1" autoTween="1" tweenEasing="NaN">
   <timeline name="texiao42" scale="1" offset="0">
    <frame z="0" tweenEasing="NaN" duration="1">
     <transform x="5.25" y="-2.35" skX="156.61" skY="156.61" scX="-1.14" scY="1.14" pX="0" pY="0"/>
    </frame>
    <frame z="0" displayIndex="1" tweenEasing="NaN" duration="1">
     <transform x="5.25" y="-2.35" skX="156.61" skY="156.61" scX="-1.14" scY="1.14" pX="0" pY="0"/>
    </frame>
    <frame z="0" displayIndex="2" tweenEasing="NaN" duration="1">
     <transform x="5.25" y="-2.35" skX="156.61" skY="156.61" scX="-1.14" scY="1.14" pX="0" pY="0"/>
    </frame>
    <frame z="0" displayIndex="3" tweenEasing="NaN" duration="1">
     <transform x="5.25" y="-2.35" skX="156.61" skY="156.61" scX="-1.14" scY="1.14" pX="0" pY="0"/>
    </frame>
    <frame z="0" displayIndex="4" tweenEasing="NaN" duration="1">
     <transform x="5.25" y="-2.35" skX="156.61" skY="156.61" scX="-1.14" scY="1.14" pX="0" pY="0"/>
    </frame>
    <frame z="0" displayIndex="5" tweenEasing="NaN" duration="1">
     <transform x="5.25" y="-2.35" skX="156.61" skY="156.61" scX="-1.14" scY="1.14" pX="0" pY="0"/>
    </frame>
    <frame z="0" displayIndex="6" tweenEasing="NaN" duration="2">
     <transform x="5.25" y="-2.35" skX="156.61" skY="156.61" scX="-1.14" scY="1.14" pX="0" pY="0"/>
    </frame>
    <frame duration="2" displayIndex="-1"/>
   </timeline>
   <timeline name="jianchu0" scale="1" offset="0">
    <frame duration="1" displayIndex="-1"/>
    <frame z="1" tweenEasing="NaN" duration="1">
     <transform x="55.25" y="-22.7" skX="-167.45" skY="-167.45" scX="-0.64" scY="0.64" pX="0" pY="0"/>
    </frame>
    <frame z="1" displayIndex="1" tweenEasing="NaN" duration="1">
     <transform x="56.7" y="-24.15" skX="-167.45" skY="-167.45" scX="-0.64" scY="0.64" pX="0" pY="0"/>
    </frame>
    <frame z="1" displayIndex="2" tweenEasing="NaN" duration="1">
     <transform x="57.95" y="-23.6" skX="-167.45" skY="-167.45" scX="-0.64" scY="0.64" pX="0" pY="0"/>
    </frame>
    <frame z="1" displayIndex="3" tweenEasing="NaN" duration="1">
     <transform x="57.7" y="-24.55" skX="-167.45" skY="-167.45" scX="-0.64" scY="0.64" pX="0" pY="0"/>
    </frame>
    <frame z="1" displayIndex="4" tweenEasing="NaN" duration="1">
     <transform x="58.55" y="-24.8" skX="-167.45" skY="-167.45" scX="-0.64" scY="0.64" pX="0" pY="0"/>
    </frame>
    <frame z="1" displayIndex="5" tweenEasing="NaN" duration="1">
     <transform x="56.35" y="-28.45" skX="-167.45" skY="-167.45" scX="-0.64" scY="0.64" pX="0" pY="0"/>
    </frame>
    <frame z="1" displayIndex="6" tweenEasing="NaN" duration="2">
     <transform x="55.05" y="-25.85" skX="-167.45" skY="-167.45" scX="-0.64" scY="0.64" pX="0" pY="0"/>
    </frame>
    <frame duration="1" displayIndex="-1"/>
   </timeline>
   <timeline name="ldg" scale="1" offset="0">
    <frame z="2" tweenEasing="NaN" duration="1">
     <transform x="95.65" y="-68.8" skX="65.31" skY="73.31" scX="-0.42" scY="1.99" pX="0" pY="0"/>
     <colorTransform aO="0" rO="0" gO="0" bO="0" aM="50" rM="100" gM="100" bM="100"/>
    </frame>
    <frame z="2" displayIndex="1" tweenEasing="NaN" duration="2">
     <transform x="-55.7" y="31.05" skX="69.99" skY="80.67" scX="-1.09" scY="2.87" pX="0" pY="0"/>
     <colorTransform aO="0" rO="0" gO="0" bO="0" aM="50" rM="100" gM="100" bM="100"/>
    </frame>
    <frame z="2" displayIndex="2" tweenEasing="0" duration="4">
     <transform x="-125.25" y="67.7" skX="70.91" skY="86.17" scX="-1.38" scY="3.16" pX="0" pY="0"/>
     <colorTransform aO="0" rO="0" gO="0" bO="0" aM="50" rM="100" gM="100" bM="100"/>
    </frame>
    <frame z="2" displayIndex="2" duration="1">
     <transform x="-152.7" y="84.05" skX="70.91" skY="86.17" scX="-1.38" scY="3.16" pX="0.05" pY="0.05"/>
     <colorTransform aO="0" rO="0" gO="0" bO="0" aM="10" rM="100" gM="100" bM="100"/>
    </frame>
    <frame duration="2" displayIndex="-1"/>
   </timeline>
   <timeline name="hdg0" scale="1" offset="0">
    <frame duration="1" displayIndex="-1"/>
    <frame z="3" tweenEasing="NaN" duration="1">
     <transform x="49.15" y="-6.95" skX="-7.21" skY="-7.21" scX="-1.11" scY="0.73" pX="0" pY="0"/>
     <colorTransform aO="0" rO="0" gO="0" bO="0" aM="50" rM="100" gM="100" bM="100"/>
    </frame>
    <frame z="3" displayIndex="1" tweenEasing="NaN" duration="2">
     <transform x="-76.7" y="6.85" skX="-7.21" skY="-6.9" scX="-1.11" scY="0.82" pX="0" pY="0"/>
     <colorTransform aO="0" rO="0" gO="0" bO="0" aM="50" rM="100" gM="100" bM="100"/>
    </frame>
    <frame z="3" displayIndex="2" tweenEasing="0" duration="3">
     <transform x="-84.55" y="9.1" skX="-7.21" skY="-7.21" scX="-1.11" scY="0.82" pX="0" pY="0"/>
     <colorTransform aO="0" rO="0" gO="0" bO="0" aM="50" rM="100" gM="100" bM="100"/>
    </frame>
    <frame z="3" displayIndex="2" duration="1">
     <transform x="-123.1" y="12.55" skX="-7.21" skY="-6.61" scX="-1.11" scY="0.82" pX="0.15" pY="0.15"/>
     <colorTransform aO="0" rO="0" gO="0" bO="0" aM="5" rM="100" gM="100" bM="100"/>
    </frame>
    <frame duration="2" displayIndex="-1"/>
   </timeline>
  </animation>
  <animation name="jineng2" fadeInTime="0" duration="10" scale="1" loop="1" autoTween="1" tweenEasing="NaN">
   <timeline name="texiao42" scale="1" offset="0">
    <frame z="0" tweenEasing="NaN" duration="1">
     <transform x="-4.05" y="-4.4" skX="51.05" skY="51.05" scX="-1.14" scY="1.14" pX="0" pY="0"/>
    </frame>
    <frame z="0" displayIndex="1" tweenEasing="NaN" duration="1">
     <transform x="-4.05" y="-4.4" skX="51.05" skY="51.05" scX="-1.14" scY="1.14" pX="0" pY="0"/>
    </frame>
    <frame z="0" displayIndex="2" tweenEasing="NaN" duration="1">
     <transform x="-4.05" y="-4.4" skX="51.05" skY="51.05" scX="-1.14" scY="1.14" pX="0" pY="0"/>
    </frame>
    <frame z="0" displayIndex="3" tweenEasing="NaN" duration="1">
     <transform x="-4.05" y="-4.4" skX="51.05" skY="51.05" scX="-1.14" scY="1.14" pX="0" pY="0"/>
    </frame>
    <frame z="0" displayIndex="4" tweenEasing="NaN" duration="1">
     <transform x="-4.05" y="-4.4" skX="51.05" skY="51.05" scX="-1.14" scY="1.14" pX="0" pY="0"/>
    </frame>
    <frame z="0" displayIndex="5" tweenEasing="NaN" duration="1">
     <transform x="-4.05" y="-4.4" skX="51.05" skY="51.05" scX="-1.14" scY="1.14" pX="0" pY="0"/>
    </frame>
    <frame z="0" displayIndex="6" tweenEasing="NaN" duration="2">
     <transform x="-4.05" y="-4.4" skX="51.05" skY="51.05" scX="-1.14" scY="1.14" pX="0" pY="0"/>
    </frame>
    <frame duration="2" displayIndex="-1"/>
   </timeline>
   <timeline name="jianchu0" scale="1" offset="0">
    <frame duration="1" displayIndex="-1"/>
    <frame z="1" tweenEasing="NaN" duration="1">
     <transform x="-37.1" y="-47.2" skX="86.99" skY="86.99" scX="-0.64" scY="0.64" pX="0" pY="0"/>
    </frame>
    <frame z="1" displayIndex="1" tweenEasing="NaN" duration="1">
     <transform x="-38.9" y="-48.2" skX="86.99" skY="86.99" scX="-0.64" scY="0.64" pX="0" pY="0"/>
    </frame>
    <frame z="1" displayIndex="2" tweenEasing="NaN" duration="1">
     <transform x="-38.7" y="-49.55" skX="86.99" skY="86.99" scX="-0.64" scY="0.64" pX="0" pY="0"/>
    </frame>
    <frame z="1" displayIndex="3" tweenEasing="NaN" duration="1">
     <transform x="-39.5" y="-49.05" skX="86.99" skY="86.99" scX="-0.64" scY="0.64" pX="0" pY="0"/>
    </frame>
    <frame z="1" displayIndex="4" tweenEasing="NaN" duration="1">
     <transform x="-40" y="-49.85" skX="86.99" skY="86.99" scX="-0.64" scY="0.64" pX="0" pY="0"/>
    </frame>
    <frame z="1" displayIndex="5" tweenEasing="NaN" duration="1">
     <transform x="-42.9" y="-46.7" skX="86.99" skY="86.99" scX="-0.64" scY="0.64" pX="0" pY="0"/>
    </frame>
    <frame z="1" displayIndex="6" tweenEasing="NaN" duration="2">
     <transform x="-40.05" y="-46.15" skX="86.99" skY="86.99" scX="-0.64" scY="0.64" pX="0" pY="0"/>
    </frame>
    <frame duration="1" displayIndex="-1"/>
   </timeline>
   <timeline name="ldg" scale="1" offset="0">
    <frame z="2" tweenEasing="NaN" duration="1">
     <transform x="-92.35" y="-73.65" skX="-40.25" skY="-32.26" scX="-0.42" scY="1.99" pX="-0.25" pY="0"/>
     <colorTransform aO="0" rO="0" gO="0" bO="0" aM="50" rM="100" gM="100" bM="100"/>
    </frame>
    <frame z="2" displayIndex="1" tweenEasing="NaN" duration="2">
     <transform x="44.45" y="45.35" skX="-35.57" skY="-24.89" scX="-1.09" scY="2.87" pX="0.05" pY="0.05"/>
     <colorTransform aO="0" rO="0" gO="0" bO="0" aM="50" rM="100" gM="100" bM="100"/>
    </frame>
    <frame z="2" displayIndex="2" tweenEasing="0" duration="4">
     <transform x="98.45" y="102.5" skX="-34.65" skY="-19.39" scX="-1.38" scY="3.16" pX="0.1" pY="0.1"/>
     <colorTransform aO="0" rO="0" gO="0" bO="0" aM="50" rM="100" gM="100" bM="100"/>
    </frame>
    <frame z="2" displayIndex="2" duration="1">
     <transform x="121.5" y="124.55" skX="-34.65" skY="-19.39" scX="-1.38" scY="3.16" pX="-0.05" pY="0"/>
     <colorTransform aO="0" rO="0" gO="0" bO="0" aM="10" rM="100" gM="100" bM="100"/>
    </frame>
    <frame duration="2" displayIndex="-1"/>
   </timeline>
   <timeline name="hdg0" scale="1" offset="0">
    <frame duration="1" displayIndex="-1"/>
    <frame z="3" tweenEasing="NaN" duration="1">
     <transform x="-20.3" y="-45.5" skX="-112.77" skY="-112.77" scX="-1.11" scY="0.73" pX="0.05" pY="-0.05"/>
     <colorTransform aO="0" rO="0" gO="0" bO="0" aM="50" rM="100" gM="100" bM="100"/>
    </frame>
    <frame z="3" displayIndex="1" tweenEasing="NaN" duration="2">
     <transform x="26.7" y="72.05" skX="-112.77" skY="-112.46" scX="-1.11" scY="0.82" pX="0.05" pY="0.1"/>
     <colorTransform aO="0" rO="0" gO="0" bO="0" aM="50" rM="100" gM="100" bM="100"/>
    </frame>
    <frame z="3" displayIndex="2" tweenEasing="0" duration="3">
     <transform x="31.05" y="79" skX="-112.77" skY="-112.77" scX="-1.11" scY="0.82" pX="0" pY="0"/>
     <colorTransform aO="0" rO="0" gO="0" bO="0" aM="50" rM="100" gM="100" bM="100"/>
    </frame>
    <frame z="3" displayIndex="2" duration="1">
     <transform x="44.7" y="115.25" skX="-112.77" skY="-112.17" scX="-1.11" scY="0.82" pX="0.05" pY="0.15"/>
     <colorTransform aO="0" rO="0" gO="0" bO="0" aM="5" rM="100" gM="100" bM="100"/>
    </frame>
    <frame duration="2" displayIndex="-1"/>
   </timeline>
  </animation>
  <animation name="jineng3" fadeInTime="0" duration="10" scale="1" loop="1" autoTween="1" tweenEasing="NaN">
   <timeline name="texiao42" scale="1" offset="0">
    <frame z="0" tweenEasing="NaN" duration="1">
     <transform x="9.9" y="0.2" skX="174.85" skY="174.85" scX="-1.14" scY="1.14" pX="0" pY="0"/>
    </frame>
    <frame z="0" displayIndex="1" tweenEasing="NaN" duration="1">
     <transform x="9.9" y="0.2" skX="174.85" skY="174.85" scX="-1.14" scY="1.14" pX="0" pY="0"/>
    </frame>
    <frame z="0" displayIndex="2" tweenEasing="NaN" duration="1">
     <transform x="9.9" y="0.2" skX="174.85" skY="174.85" scX="-1.14" scY="1.14" pX="0" pY="0"/>
    </frame>
    <frame z="0" displayIndex="3" tweenEasing="NaN" duration="1">
     <transform x="9.9" y="0.2" skX="174.85" skY="174.85" scX="-1.14" scY="1.14" pX="0" pY="0"/>
    </frame>
    <frame z="0" displayIndex="4" tweenEasing="NaN" duration="1">
     <transform x="9.9" y="0.2" skX="174.85" skY="174.85" scX="-1.14" scY="1.14" pX="0" pY="0"/>
    </frame>
    <frame z="0" displayIndex="5" tweenEasing="NaN" duration="1">
     <transform x="9.9" y="0.2" skX="174.85" skY="174.85" scX="-1.14" scY="1.14" pX="0" pY="0"/>
    </frame>
    <frame z="0" displayIndex="6" tweenEasing="NaN" duration="2">
     <transform x="9.9" y="0.2" skX="174.85" skY="174.85" scX="-1.14" scY="1.14" pX="0" pY="0"/>
    </frame>
    <frame duration="2" displayIndex="-1"/>
   </timeline>
   <timeline name="jianchu0" scale="1" offset="0">
    <frame duration="1" displayIndex="-1"/>
    <frame z="1" tweenEasing="NaN" duration="1">
     <transform x="63.8" y="-3.45" skX="-149.21" skY="-149.21" scX="-0.64" scY="0.64" pX="0" pY="0"/>
    </frame>
    <frame z="1" displayIndex="1" tweenEasing="NaN" duration="1">
     <transform x="65.6" y="-4.35" skX="-149.21" skY="-149.21" scX="-0.64" scY="0.64" pX="0" pY="0"/>
    </frame>
    <frame z="1" displayIndex="2" tweenEasing="NaN" duration="1">
     <transform x="66.6" y="-3.5" skX="-149.21" skY="-149.21" scX="-0.64" scY="0.64" pX="0" pY="0"/>
    </frame>
    <frame z="1" displayIndex="3" tweenEasing="NaN" duration="1">
     <transform x="66.65" y="-4.45" skX="-149.21" skY="-149.21" scX="-0.64" scY="0.64" pX="0" pY="0"/>
    </frame>
    <frame z="1" displayIndex="4" tweenEasing="NaN" duration="1">
     <transform x="67.55" y="-4.45" skX="-149.21" skY="-149.21" scX="-0.64" scY="0.64" pX="0" pY="0"/>
    </frame>
    <frame z="1" displayIndex="5" tweenEasing="NaN" duration="1">
     <transform x="66.65" y="-8.6" skX="-149.21" skY="-149.21" scX="-0.64" scY="0.64" pX="0" pY="0"/>
    </frame>
    <frame z="1" displayIndex="6" tweenEasing="NaN" duration="2">
     <transform x="64.55" y="-6.55" skX="-149.21" skY="-149.21" scX="-0.64" scY="0.64" pX="0" pY="0"/>
    </frame>
    <frame duration="1" displayIndex="-1"/>
   </timeline>
   <timeline name="ldg" scale="1" offset="0">
    <frame z="2" tweenEasing="NaN" duration="1">
     <transform x="116.6" y="-34.6" skX="83.55" skY="91.55" scX="-0.42" scY="1.99" pX="0.05" pY="0.1"/>
     <colorTransform aO="0" rO="0" gO="0" bO="0" aM="50" rM="100" gM="100" bM="100"/>
    </frame>
    <frame z="2" displayIndex="1" tweenEasing="NaN" duration="2">
     <transform x="-58.4" y="12.85" skX="88.23" skY="98.91" scX="-1.09" scY="2.87" pX="0" pY="0"/>
     <colorTransform aO="0" rO="0" gO="0" bO="0" aM="50" rM="100" gM="100" bM="100"/>
    </frame>
    <frame z="2" displayIndex="2" tweenEasing="0" duration="4">
     <transform x="-135.95" y="25.9" skX="89.15" skY="104.41" scX="-1.38" scY="3.16" pX="0.05" pY="0"/>
     <colorTransform aO="0" rO="0" gO="0" bO="0" aM="50" rM="100" gM="100" bM="100"/>
    </frame>
    <frame z="2" displayIndex="2" duration="1">
     <transform x="-167.15" y="32.8" skX="89.15" skY="104.41" scX="-1.38" scY="3.16" pX="0" pY="0.1"/>
     <colorTransform aO="0" rO="0" gO="0" bO="0" aM="10" rM="100" gM="100" bM="100"/>
    </frame>
    <frame duration="2" displayIndex="-1"/>
   </timeline>
   <timeline name="hdg0" scale="1" offset="0">
    <frame duration="1" displayIndex="-1"/>
    <frame z="3" tweenEasing="NaN" duration="1">
     <transform x="53.1" y="9.6" skX="11.04" skY="11.04" scX="-1.11" scY="0.73" pX="0.05" pY="-0.05"/>
     <colorTransform aO="0" rO="0" gO="0" bO="0" aM="50" rM="100" gM="100" bM="100"/>
    </frame>
    <frame z="3" displayIndex="1" tweenEasing="NaN" duration="2">
     <transform x="-70.8" y="-16.7" skX="11.03" skY="11.34" scX="-1.11" scY="0.82" pX="-0.05" pY="0"/>
     <colorTransform aO="0" rO="0" gO="0" bO="0" aM="50" rM="100" gM="100" bM="100"/>
    </frame>
    <frame z="3" displayIndex="2" tweenEasing="0" duration="3">
     <transform x="-78.95" y="-17" skX="11.03" skY="11.04" scX="-1.11" scY="0.82" pX="-0.05" pY="0.05"/>
     <colorTransform aO="0" rO="0" gO="0" bO="0" aM="50" rM="100" gM="100" bM="100"/>
    </frame>
    <frame z="3" displayIndex="2" duration="1">
     <transform x="-116.65" y="-25.85" skX="11.03" skY="11.63" scX="-1.11" scY="0.82" pX="0.1" pY="0.25"/>
     <colorTransform aO="0" rO="0" gO="0" bO="0" aM="5" rM="100" gM="100" bM="100"/>
    </frame>
    <frame duration="2" displayIndex="-1"/>
   </timeline>
  </animation>
  <animation name="jineng4" fadeInTime="0" duration="10" scale="1" loop="1" autoTween="1" tweenEasing="NaN">
   <timeline name="texiao42" scale="1" offset="0">
    <frame z="0" tweenEasing="NaN" duration="1">
     <transform x="5.95" y="3.4" skX="-141.67" skY="-141.67" scX="-1.14" scY="1.14" pX="0" pY="0"/>
    </frame>
    <frame z="0" displayIndex="1" tweenEasing="NaN" duration="1">
     <transform x="5.95" y="3.4" skX="-141.67" skY="-141.67" scX="-1.14" scY="1.14" pX="0" pY="0"/>
    </frame>
    <frame z="0" displayIndex="2" tweenEasing="NaN" duration="1">
     <transform x="5.95" y="3.4" skX="-141.67" skY="-141.67" scX="-1.14" scY="1.14" pX="0" pY="0"/>
    </frame>
    <frame z="0" displayIndex="3" tweenEasing="NaN" duration="1">
     <transform x="5.95" y="3.4" skX="-141.67" skY="-141.67" scX="-1.14" scY="1.14" pX="0" pY="0"/>
    </frame>
    <frame z="0" displayIndex="4" tweenEasing="NaN" duration="1">
     <transform x="5.95" y="3.4" skX="-141.67" skY="-141.67" scX="-1.14" scY="1.14" pX="0" pY="0"/>
    </frame>
    <frame z="0" displayIndex="5" tweenEasing="NaN" duration="1">
     <transform x="5.95" y="3.4" skX="-141.67" skY="-141.67" scX="-1.14" scY="1.14" pX="0" pY="0"/>
    </frame>
    <frame z="0" displayIndex="6" tweenEasing="NaN" duration="2">
     <transform x="5.95" y="3.4" skX="-141.67" skY="-141.67" scX="-1.14" scY="1.14" pX="0" pY="0"/>
    </frame>
    <frame duration="2" displayIndex="-1"/>
   </timeline>
   <timeline name="jianchu0" scale="1" offset="0">
    <frame duration="1" displayIndex="-1"/>
    <frame z="1" tweenEasing="NaN" duration="1">
     <transform x="47.55" y="37.8" skX="-105.73" skY="-105.73" scX="-0.64" scY="0.64" pX="0" pY="0"/>
    </frame>
    <frame z="1" displayIndex="1" tweenEasing="NaN" duration="1">
     <transform x="49.5" y="38.45" skX="-105.73" skY="-105.73" scX="-0.64" scY="0.64" pX="0" pY="0"/>
    </frame>
    <frame z="1" displayIndex="2" tweenEasing="NaN" duration="1">
     <transform x="49.6" y="39.8" skX="-105.73" skY="-105.73" scX="-0.64" scY="0.64" pX="0" pY="0"/>
    </frame>
    <frame z="1" displayIndex="3" tweenEasing="NaN" duration="1">
     <transform x="50.35" y="39.1" skX="-105.73" skY="-105.73" scX="-0.64" scY="0.64" pX="0" pY="0"/>
    </frame>
    <frame z="1" displayIndex="4" tweenEasing="NaN" duration="1">
     <transform x="50.95" y="39.7" skX="-105.73" skY="-105.73" scX="-0.64" scY="0.64" pX="0" pY="0"/>
    </frame>
    <frame z="1" displayIndex="5" tweenEasing="NaN" duration="1">
     <transform x="53.15" y="36.05" skX="-105.73" skY="-105.73" scX="-0.64" scY="0.64" pX="0" pY="0"/>
    </frame>
    <frame z="1" displayIndex="6" tweenEasing="NaN" duration="2">
     <transform x="50.25" y="36.15" skX="-105.73" skY="-105.73" scX="-0.64" scY="0.64" pX="0" pY="0"/>
    </frame>
    <frame duration="1" displayIndex="-1"/>
   </timeline>
   <timeline name="ldg" scale="1" offset="0">
    <frame z="2" tweenEasing="NaN" duration="1">
     <transform x="107.35" y="51.55" skX="127.03" skY="135.02" scX="-0.42" scY="1.99" pX="-0.1" pY="0.05"/>
     <colorTransform aO="0" rO="0" gO="0" bO="0" aM="50" rM="100" gM="100" bM="100"/>
    </frame>
    <frame z="2" displayIndex="1" tweenEasing="NaN" duration="2">
     <transform x="-52.35" y="-34.4" skX="131.71" skY="142.39" scX="-1.09" scY="2.87" pX="0.1" pY="0"/>
     <colorTransform aO="0" rO="0" gO="0" bO="0" aM="50" rM="100" gM="100" bM="100"/>
    </frame>
    <frame z="2" displayIndex="2" tweenEasing="0" duration="4">
     <transform x="-117.55" y="-78.35" skX="132.63" skY="147.89" scX="-1.38" scY="3.16" pX="0" pY="0.05"/>
     <colorTransform aO="0" rO="0" gO="0" bO="0" aM="50" rM="100" gM="100" bM="100"/>
    </frame>
    <frame z="2" displayIndex="2" duration="1">
     <transform x="-145" y="-94.75" skX="132.63" skY="147.89" scX="-1.38" scY="3.16" pX="0" pY="0.1"/>
     <colorTransform aO="0" rO="0" gO="0" bO="0" aM="10" rM="100" gM="100" bM="100"/>
    </frame>
    <frame duration="2" displayIndex="-1"/>
   </timeline>
   <timeline name="hdg0" scale="1" offset="0">
    <frame duration="1" displayIndex="-1"/>
    <frame z="3" tweenEasing="NaN" duration="1">
     <transform x="30.8" y="39.9" skX="54.51" skY="54.51" scX="-1.11" scY="0.73" pX="0.05" pY="0"/>
     <colorTransform aO="0" rO="0" gO="0" bO="0" aM="50" rM="100" gM="100" bM="100"/>
    </frame>
    <frame z="3" displayIndex="1" tweenEasing="NaN" duration="2">
     <transform x="-41" y="-64.4" skX="54.51" skY="54.82" scX="-1.11" scY="0.82" pX="0" pY="0.05"/>
     <colorTransform aO="0" rO="0" gO="0" bO="0" aM="50" rM="100" gM="100" bM="100"/>
    </frame>
    <frame z="3" displayIndex="2" tweenEasing="0" duration="3">
     <transform x="-46.65" y="-70.25" skX="54.51" skY="54.51" scX="-1.11" scY="0.82" pX="0" pY="0.05"/>
     <colorTransform aO="0" rO="0" gO="0" bO="0" aM="50" rM="100" gM="100" bM="100"/>
    </frame>
    <frame z="3" displayIndex="2" duration="1">
     <transform x="-67.95" y="-102.55" skX="54.51" skY="55.11" scX="-1.11" scY="0.82" pX="0.1" pY="0.15"/>
     <colorTransform aO="0" rO="0" gO="0" bO="0" aM="5" rM="100" gM="100" bM="100"/>
    </frame>
    <frame duration="2" displayIndex="-1"/>
   </timeline>
  </animation>
  <animation name="jineng5" fadeInTime="0" duration="10" scale="1" loop="1" autoTween="1" tweenEasing="NaN">
   <timeline name="texiao42" scale="1" offset="0">
    <frame z="0" tweenEasing="NaN" duration="1">
     <transform x="1.65" y="-5.05" skX="116.11" skY="116.11" scX="-1.14" scY="1.14" pX="0" pY="0"/>
    </frame>
    <frame z="0" displayIndex="1" tweenEasing="NaN" duration="1">
     <transform x="1.65" y="-5.05" skX="116.11" skY="116.11" scX="-1.14" scY="1.14" pX="0" pY="0"/>
    </frame>
    <frame z="0" displayIndex="2" tweenEasing="NaN" duration="1">
     <transform x="1.65" y="-5.05" skX="116.11" skY="116.11" scX="-1.14" scY="1.14" pX="0" pY="0"/>
    </frame>
    <frame z="0" displayIndex="3" tweenEasing="NaN" duration="1">
     <transform x="1.65" y="-5.05" skX="116.11" skY="116.11" scX="-1.14" scY="1.14" pX="0" pY="0"/>
    </frame>
    <frame z="0" displayIndex="4" tweenEasing="NaN" duration="1">
     <transform x="1.65" y="-5.05" skX="116.11" skY="116.11" scX="-1.14" scY="1.14" pX="0" pY="0"/>
    </frame>
    <frame z="0" displayIndex="5" tweenEasing="NaN" duration="1">
     <transform x="1.65" y="-5.05" skX="116.11" skY="116.11" scX="-1.14" scY="1.14" pX="0" pY="0"/>
    </frame>
    <frame z="0" displayIndex="6" tweenEasing="NaN" duration="2">
     <transform x="1.65" y="-5.05" skX="116.11" skY="116.11" scX="-1.14" scY="1.14" pX="0" pY="0"/>
    </frame>
    <frame duration="2" displayIndex="-1"/>
   </timeline>
   <timeline name="jianchu0" scale="1" offset="0">
    <frame duration="1" displayIndex="-1"/>
    <frame z="1" tweenEasing="NaN" duration="1">
     <transform x="26.5" y="-53" skX="152.06" skY="152.06" scX="-0.64" scY="0.64" pX="0" pY="0"/>
    </frame>
    <frame z="1" displayIndex="1" tweenEasing="NaN" duration="1">
     <transform x="26.65" y="-55.05" skX="152.06" skY="152.06" scX="-0.64" scY="0.64" pX="0" pY="0"/>
    </frame>
    <frame z="1" displayIndex="2" tweenEasing="NaN" duration="1">
     <transform x="27.95" y="-55.45" skX="152.06" skY="152.06" scX="-0.64" scY="0.64" pX="0" pY="0"/>
    </frame>
    <frame z="1" displayIndex="3" tweenEasing="NaN" duration="1">
     <transform x="27.15" y="-55.95" skX="152.06" skY="152.06" scX="-0.64" scY="0.64" pX="0" pY="0"/>
    </frame>
    <frame z="1" displayIndex="4" tweenEasing="NaN" duration="1">
     <transform x="27.6" y="-56.75" skX="152.06" skY="152.06" scX="-0.64" scY="0.64" pX="0" pY="0"/>
    </frame>
    <frame z="1" displayIndex="5" tweenEasing="NaN" duration="1">
     <transform x="23.6" y="-58.1" skX="152.06" skY="152.06" scX="-0.64" scY="0.64" pX="0" pY="0"/>
    </frame>
    <frame z="1" displayIndex="6" tweenEasing="NaN" duration="2">
     <transform x="24.3" y="-55.25" skX="152.06" skY="152.06" scX="-0.64" scY="0.64" pX="0" pY="0"/>
    </frame>
    <frame duration="1" displayIndex="-1"/>
   </timeline>
   <timeline name="ldg" scale="1" offset="0">
    <frame z="2" tweenEasing="NaN" duration="1">
     <transform x="27.25" y="-114.25" skX="24.82" skY="32.81" scX="-0.42" scY="1.99" pX="0" pY="0"/>
     <colorTransform aO="0" rO="0" gO="0" bO="0" aM="50" rM="100" gM="100" bM="100"/>
    </frame>
    <frame z="2" displayIndex="1" tweenEasing="NaN" duration="2">
     <transform x="-23" y="59.9" skX="29.49" skY="40.18" scX="-1.09" scY="2.87" pX="0" pY="0.05"/>
     <colorTransform aO="0" rO="0" gO="0" bO="0" aM="50" rM="100" gM="100" bM="100"/>
    </frame>
    <frame z="2" displayIndex="2" tweenEasing="0" duration="4">
     <transform x="-52.05" y="133" skX="30.41" skY="45.67" scX="-1.38" scY="3.16" pX="0.1" pY="0.05"/>
     <colorTransform aO="0" rO="0" gO="0" bO="0" aM="50" rM="100" gM="100" bM="100"/>
    </frame>
    <frame z="2" displayIndex="2" duration="1">
     <transform x="-62.3" y="163.25" skX="30.41" skY="45.67" scX="-1.38" scY="3.16" pX="0" pY="0.1"/>
     <colorTransform aO="0" rO="0" gO="0" bO="0" aM="10" rM="100" gM="100" bM="100"/>
    </frame>
    <frame duration="2" displayIndex="-1"/>
   </timeline>
   <timeline name="hdg0" scale="1" offset="0">
    <frame duration="1" displayIndex="-1"/>
    <frame z="3" tweenEasing="NaN" duration="1">
     <transform x="32.1" y="-37.05" skX="-47.7" skY="-47.7" scX="-1.11" scY="0.73" pX="-0.05" pY="-0.1"/>
     <colorTransform aO="0" rO="0" gO="0" bO="0" aM="50" rM="100" gM="100" bM="100"/>
    </frame>
    <frame z="3" displayIndex="1" tweenEasing="NaN" duration="2">
     <transform x="-54.7" y="55.15" skX="-47.7" skY="-47.4" scX="-1.11" scY="0.82" pX="0.05" pY="0"/>
     <colorTransform aO="0" rO="0" gO="0" bO="0" aM="50" rM="100" gM="100" bM="100"/>
    </frame>
    <frame z="3" displayIndex="2" tweenEasing="0" duration="3">
     <transform x="-59.2" y="61.95" skX="-47.7" skY="-47.7" scX="-1.11" scY="0.82" pX="0" pY="0.1"/>
     <colorTransform aO="0" rO="0" gO="0" bO="0" aM="50" rM="100" gM="100" bM="100"/>
    </frame>
    <frame z="3" displayIndex="2" duration="1">
     <transform x="-86.25" y="89.65" skX="-47.7" skY="-47.1" scX="-1.11" scY="0.82" pX="0.05" pY="0.05"/>
     <colorTransform aO="0" rO="0" gO="0" bO="0" aM="5" rM="100" gM="100" bM="100"/>
    </frame>
    <frame duration="2" displayIndex="-1"/>
   </timeline>
  </animation>
  <animation name="jineng6" fadeInTime="0" duration="10" scale="1" loop="1" autoTween="1" tweenEasing="NaN">
   <timeline name="texiao42" scale="1" offset="0">
    <frame z="0" tweenEasing="NaN" duration="1">
     <transform x="1.55" y="-3.4" skX="122.64" skY="122.64" scX="-1.14" scY="1.14" pX="0" pY="0"/>
    </frame>
    <frame z="0" displayIndex="1" tweenEasing="NaN" duration="1">
     <transform x="1.55" y="-3.4" skX="122.64" skY="122.64" scX="-1.14" scY="1.14" pX="0" pY="0"/>
    </frame>
    <frame z="0" displayIndex="2" tweenEasing="NaN" duration="1">
     <transform x="1.55" y="-3.4" skX="122.64" skY="122.64" scX="-1.14" scY="1.14" pX="0" pY="0"/>
    </frame>
    <frame z="0" displayIndex="3" tweenEasing="NaN" duration="1">
     <transform x="1.55" y="-3.4" skX="122.64" skY="122.64" scX="-1.14" scY="1.14" pX="0" pY="0"/>
    </frame>
    <frame z="0" displayIndex="4" tweenEasing="NaN" duration="1">
     <transform x="1.55" y="-3.4" skX="122.64" skY="122.64" scX="-1.14" scY="1.14" pX="0" pY="0"/>
    </frame>
    <frame z="0" displayIndex="5" tweenEasing="NaN" duration="1">
     <transform x="1.55" y="-3.4" skX="122.64" skY="122.64" scX="-1.14" scY="1.14" pX="0" pY="0"/>
    </frame>
    <frame z="0" displayIndex="6" tweenEasing="NaN" duration="2">
     <transform x="1.55" y="-3.4" skX="122.64" skY="122.64" scX="-1.14" scY="1.14" pX="0" pY="0"/>
    </frame>
    <frame duration="2" displayIndex="-1"/>
   </timeline>
   <timeline name="jianchu0" scale="1" offset="0">
    <frame duration="1" displayIndex="-1"/>
    <frame z="1" tweenEasing="NaN" duration="1">
     <transform x="31.7" y="-48.15" skX="158.59" skY="158.59" scX="-0.64" scY="0.64" pX="0" pY="0"/>
    </frame>
    <frame z="1" displayIndex="1" tweenEasing="NaN" duration="1">
     <transform x="32.1" y="-50.2" skX="158.59" skY="158.59" scX="-0.64" scY="0.64" pX="0" pY="0"/>
    </frame>
    <frame z="1" displayIndex="2" tweenEasing="NaN" duration="1">
     <transform x="33.45" y="-50.4" skX="158.59" skY="158.59" scX="-0.64" scY="0.64" pX="0" pY="0"/>
    </frame>
    <frame z="1" displayIndex="3" tweenEasing="NaN" duration="1">
     <transform x="32.7" y="-51.1" skX="158.59" skY="158.59" scX="-0.64" scY="0.64" pX="0" pY="0"/>
    </frame>
    <frame z="1" displayIndex="4" tweenEasing="NaN" duration="1">
     <transform x="33.25" y="-51.75" skX="158.59" skY="158.59" scX="-0.64" scY="0.64" pX="0" pY="0"/>
    </frame>
    <frame z="1" displayIndex="5" tweenEasing="NaN" duration="1">
     <transform x="29.4" y="-53.55" skX="158.59" skY="158.59" scX="-0.64" scY="0.64" pX="0" pY="0"/>
    </frame>
    <frame z="1" displayIndex="6" tweenEasing="NaN" duration="2">
     <transform x="29.8" y="-50.7" skX="158.59" skY="158.59" scX="-0.64" scY="0.64" pX="0" pY="0"/>
    </frame>
    <frame duration="1" displayIndex="-1"/>
   </timeline>
   <timeline name="ldg" scale="1" offset="0">
    <frame z="2" tweenEasing="NaN" duration="1">
     <transform x="39.45" y="-108.95" skX="31.34" skY="39.34" scX="-0.42" scY="1.99" pX="-0.05" pY="-0.05"/>
     <colorTransform aO="0" rO="0" gO="0" bO="0" aM="50" rM="100" gM="100" bM="100"/>
    </frame>
    <frame z="2" displayIndex="1" tweenEasing="NaN" duration="2">
     <transform x="-30.3" y="58.4" skX="36.02" skY="46.7" scX="-1.09" scY="2.87" pX="0.05" pY="0"/>
     <colorTransform aO="0" rO="0" gO="0" bO="0" aM="50" rM="100" gM="100" bM="100"/>
    </frame>
    <frame z="2" displayIndex="2" tweenEasing="0" duration="4">
     <transform x="-67.55" y="127.65" skX="36.94" skY="52.2" scX="-1.38" scY="3.16" pX="-0.05" pY="0.05"/>
     <colorTransform aO="0" rO="0" gO="0" bO="0" aM="50" rM="100" gM="100" bM="100"/>
    </frame>
    <frame z="2" displayIndex="2" duration="1">
     <transform x="-81.15" y="156.55" skX="36.94" skY="52.2" scX="-1.38" scY="3.16" pX="-0.1" pY="0.05"/>
     <colorTransform aO="0" rO="0" gO="0" bO="0" aM="10" rM="100" gM="100" bM="100"/>
    </frame>
    <frame duration="2" displayIndex="-1"/>
   </timeline>
   <timeline name="hdg0" scale="1" offset="0">
    <frame duration="1" displayIndex="-1"/>
    <frame z="3" tweenEasing="NaN" duration="1">
     <transform x="35.4" y="-31.65" skX="-24.72" skY="-24.72" scX="-1.11" scY="0.73" pX="-0.05" pY="0"/>
     <colorTransform aO="0" rO="0" gO="0" bO="0" aM="50" rM="100" gM="100" bM="100"/>
    </frame>
    <frame z="3" displayIndex="1" tweenEasing="NaN" duration="2">
     <transform x="12.8" y="-22.75" skX="-25.69" skY="-25.38" scX="-1.11" scY="0.82" pX="86.15" pY="-4.15"/>
     <colorTransform aO="0" rO="0" gO="0" bO="0" aM="50" rM="100" gM="100" bM="100"/>
    </frame>
    <frame z="3" displayIndex="2" tweenEasing="0" duration="3">
     <transform x="-87.2" y="25.65" skX="-26.22" skY="-26.21" scX="-1.11" scY="0.82" pX="0" pY="0"/>
     <colorTransform aO="0" rO="0" gO="0" bO="0" aM="50" rM="100" gM="100" bM="100"/>
    </frame>
    <frame z="3" displayIndex="2" duration="1">
     <transform x="-113.3" y="55.9" skX="-28.24" skY="-27.64" scX="-1.11" scY="0.82" pX="0.1" pY="0.15"/>
     <colorTransform aO="0" rO="0" gO="0" bO="0" aM="5" rM="100" gM="100" bM="100"/>
    </frame>
    <frame duration="2" displayIndex="-1"/>
   </timeline>
  </animation>
  <animation name="jineng7" fadeInTime="0" duration="10" scale="1" loop="1" autoTween="1" tweenEasing="NaN">
   <timeline name="texiao42" scale="1" offset="0">
    <frame z="0" tweenEasing="NaN" duration="1">
     <transform x="-8.7" y="-7.35" skX="147.08" skY="147.08" scX="-1.14" scY="1.14" pX="0" pY="0"/>
    </frame>
    <frame z="0" displayIndex="1" tweenEasing="NaN" duration="1">
     <transform x="-8.7" y="-7.35" skX="147.08" skY="147.08" scX="-1.14" scY="1.14" pX="0" pY="0"/>
    </frame>
    <frame z="0" displayIndex="2" tweenEasing="NaN" duration="1">
     <transform x="-8.7" y="-7.35" skX="147.08" skY="147.08" scX="-1.14" scY="1.14" pX="0" pY="0"/>
    </frame>
    <frame z="0" displayIndex="3" tweenEasing="NaN" duration="1">
     <transform x="-8.7" y="-7.35" skX="147.08" skY="147.08" scX="-1.14" scY="1.14" pX="0" pY="0"/>
    </frame>
    <frame z="0" displayIndex="4" tweenEasing="NaN" duration="1">
     <transform x="-8.7" y="-7.35" skX="147.08" skY="147.08" scX="-1.14" scY="1.14" pX="0" pY="0"/>
    </frame>
    <frame z="0" displayIndex="5" tweenEasing="NaN" duration="1">
     <transform x="-8.7" y="-7.35" skX="147.08" skY="147.08" scX="-1.14" scY="1.14" pX="0" pY="0"/>
    </frame>
    <frame z="0" displayIndex="6" tweenEasing="NaN" duration="2">
     <transform x="-8.7" y="-7.35" skX="147.08" skY="147.08" scX="-1.14" scY="1.14" pX="0" pY="0"/>
    </frame>
    <frame duration="2" displayIndex="-1"/>
   </timeline>
   <timeline name="jianchu0" scale="1" offset="0">
    <frame duration="1" displayIndex="-1"/>
    <frame z="1" tweenEasing="NaN" duration="1">
     <transform x="37.3" y="-35.55" skX="-176.98" skY="-176.98" scX="-0.64" scY="0.64" pX="0" pY="0"/>
    </frame>
    <frame z="1" displayIndex="1" tweenEasing="NaN" duration="1">
     <transform x="38.55" y="-37.25" skX="-176.98" skY="-176.98" scX="-0.64" scY="0.64" pX="0" pY="0"/>
    </frame>
    <frame z="1" displayIndex="2" tweenEasing="NaN" duration="1">
     <transform x="39.8" y="-36.9" skX="-176.98" skY="-176.98" scX="-0.64" scY="0.64" pX="0" pY="0"/>
    </frame>
    <frame z="1" displayIndex="3" tweenEasing="NaN" duration="1">
     <transform x="39.45" y="-37.85" skX="-176.98" skY="-176.98" scX="-0.64" scY="0.64" pX="0" pY="0"/>
    </frame>
    <frame z="1" displayIndex="4" tweenEasing="NaN" duration="1">
     <transform x="40.2" y="-38.2" skX="-176.98" skY="-176.98" scX="-0.64" scY="0.64" pX="0" pY="0"/>
    </frame>
    <frame z="1" displayIndex="5" tweenEasing="NaN" duration="1">
     <transform x="37.4" y="-41.4" skX="-176.98" skY="-176.98" scX="-0.64" scY="0.64" pX="0" pY="0"/>
    </frame>
    <frame z="1" displayIndex="6" tweenEasing="NaN" duration="2">
     <transform x="36.65" y="-38.7" skX="-176.98" skY="-176.98" scX="-0.64" scY="0.64" pX="0" pY="0"/>
    </frame>
    <frame duration="1" displayIndex="-1"/>
   </timeline>
   <timeline name="ldg" scale="1" offset="0">
    <frame z="2" tweenEasing="NaN" duration="1">
     <transform x="69.45" y="-87.8" skX="55.79" skY="63.78" scX="-0.42" scY="1.99" pX="-0.1" pY="0"/>
     <colorTransform aO="0" rO="0" gO="0" bO="0" aM="50" rM="100" gM="100" bM="100"/>
    </frame>
    <frame z="2" displayIndex="1" tweenEasing="NaN" duration="2">
     <transform x="-63.3" y="35.7" skX="60.46" skY="71.15" scX="-1.09" scY="2.87" pX="-0.05" pY="0"/>
     <colorTransform aO="0" rO="0" gO="0" bO="0" aM="50" rM="100" gM="100" bM="100"/>
    </frame>
    <frame z="2" displayIndex="2" tweenEasing="0" duration="4">
     <transform x="-125.8" y="83.35" skX="61.38" skY="76.64" scX="-1.38" scY="3.16" pX="0" pY="0.1"/>
     <colorTransform aO="0" rO="0" gO="0" bO="0" aM="50" rM="100" gM="100" bM="100"/>
    </frame>
    <frame z="2" displayIndex="2" duration="1">
     <transform x="-150.15" y="104" skX="61.38" skY="76.64" scX="-1.38" scY="3.16" pX="0" pY="0.05"/>
     <colorTransform aO="0" rO="0" gO="0" bO="0" aM="10" rM="100" gM="100" bM="100"/>
    </frame>
    <frame duration="2" displayIndex="-1"/>
   </timeline>
   <timeline name="hdg0" scale="1" offset="0">
    <frame duration="1" displayIndex="-1"/>
    <frame z="3" tweenEasing="NaN" duration="1">
     <transform x="33.85" y="-19.05" skX="-0.28" skY="-0.28" scX="-1.11" scY="0.73" pX="0" pY="0"/>
     <colorTransform aO="0" rO="0" gO="0" bO="0" aM="50" rM="100" gM="100" bM="100"/>
    </frame>
    <frame z="3" displayIndex="1" tweenEasing="NaN" duration="2">
     <transform x="9.55" y="-20.3" skX="-1.25" skY="-0.94" scX="-1.11" scY="0.82" pX="86.2" pY="-4.25"/>
     <colorTransform aO="0" rO="0" gO="0" bO="0" aM="50" rM="100" gM="100" bM="100"/>
    </frame>
    <frame z="3" displayIndex="2" tweenEasing="0" duration="3">
     <transform x="-101.5" y="-17.65" skX="-1.78" skY="-1.77" scX="-1.11" scY="0.82" pX="-0.05" pY="0.05"/>
     <colorTransform aO="0" rO="0" gO="0" bO="0" aM="50" rM="100" gM="100" bM="100"/>
    </frame>
    <frame z="3" displayIndex="2" duration="1">
     <transform x="-137.8" y="-0.9" skX="-3.8" skY="-3.2" scX="-1.11" scY="0.82" pX="0" pY="0.2"/>
     <colorTransform aO="0" rO="0" gO="0" bO="0" aM="5" rM="100" gM="100" bM="100"/>
    </frame>
    <frame duration="2" displayIndex="-1"/>
   </timeline>
  </animation>
 </armature>
</dragonBones>