<TextureAtlas name="sabar_effect" imagePath="texture.png">
 <SubTexture name="hurt_effect_res /baokai/B0001" x="1302" y="0" width="250" height="250"/>
 <SubTexture name="hurt_effect_res /baokai/B0002" x="1734" y="318" width="250" height="250"/>
 <SubTexture name="hurt_effect_res /baokai/B0003" x="1554" y="0" width="250" height="250"/>
 <SubTexture name="hurt_effect_res /baokai/B0004" x="1482" y="252" width="250" height="250"/>
 <SubTexture name="hurt_effect_res /baokai/B0005" x="978" y="224" width="250" height="250"/>
 <SubTexture name="hurt_effect_res /baokai/B0006" x="1230" y="252" width="250" height="250"/>
 <SubTexture name="hurt_effect_res /baokai/B0007" x="697" y="268" width="250" height="250"/>
 <SubTexture name="hurt_effect_res /zha0002" x="949" y="476" width="170" height="170"/>
 <SubTexture name="hurt_effect_res /zha0003" x="352" y="328" width="170" height="170"/>
 <SubTexture name="hurt_effect_res /zha0004" x="344" y="500" width="170" height="170"/>
 <SubTexture name="hurt_effect_res /zha0005" x="172" y="336" width="170" height="170"/>
 <SubTexture name="hurt_effect_res /zha0006" x="1806" y="146" width="170" height="170"/>
 <SubTexture name="hurt_effect_res /zha0007" x="524" y="328" width="170" height="170"/>
 <SubTexture name="hurt_effect_res /zha0008" x="0" y="336" width="170" height="170"/>
 <SubTexture name="hurt_effect_res /hurt_effect_res2/Shape/shape 24" x="978" y="0" width="323" height="223"/>
 <SubTexture name="hurt_effect_res /hurt_effect_res2/Shape/shape 26" x="1806" y="0" width="199" height="145"/>
 <SubTexture name="hurt_effect_res /hurt_effect_res2/Shape/shape 28" x="516" y="500" width="173" height="136"/>
 <SubTexture name="hurt_effect_res /hurt_effect_res2/yj222 3" x="352" y="0" width="344" height="327"/>
 <SubTexture name="hurt_effect_res /hurt_effect_res2/yj22 10" x="0" y="0" width="351" height="335"/>
 <SubTexture name="hurt_effect_res /hurt_effect_res2/yj22 11" x="697" y="0" width="280" height="267"/>
</TextureAtlas>