<TextureAtlas name="guai08" imagePath="texture.png">
 <SubTexture name="24.png" x="41" y="95" width="62" height="19"/>
 <SubTexture name="25.png" x="178" y="180" width="70" height="21"/>
 <SubTexture name="26.png" x="105" y="174" width="71" height="21"/>
 <SubTexture name="27.png" x="31" y="174" width="72" height="20"/>
 <SubTexture name="补间 6" x="105" y="103" width="39" height="32"/>
 <SubTexture name="补间 7" x="58" y="56" width="52" height="37"/>
 <SubTexture name="补间 5" x="0" y="139" width="29" height="38"/>
 <SubTexture name="补间 16" x="187" y="162" width="36" height="16"/>
 <SubTexture name="补间 8" x="112" y="56" width="42" height="45"/>
 <SubTexture name="补间 9" x="41" y="58" width="15" height="28"/>
 <SubTexture name="补间 4" x="193" y="101" width="18" height="48"/>
 <SubTexture name="补间 10" x="156" y="101" width="35" height="38"/>
 <SubTexture name="补间 11" x="224" y="0" width="28" height="62"/>
 <SubTexture name="补间 12" x="213" y="113" width="24" height="47"/>
 <SubTexture name="补间 13" x="152" y="141" width="33" height="30"/>
 <SubTexture name="补间 14" x="75" y="116" width="21" height="22"/>
 <SubTexture name="7.png" x="134" y="137" width="16" height="27"/>
 <SubTexture name="补间 15" x="218" y="64" width="29" height="47"/>
 <SubTexture name="补间 2" x="31" y="153" width="37" height="16"/>
 <SubTexture name="补间 1" x="0" y="99" width="37" height="38"/>
 <SubTexture name="2.png" x="98" y="137" width="34" height="35"/>
 <SubTexture name="1.png" x="39" y="116" width="34" height="35"/>
 <SubTexture name="kongbai" x="156" y="56" width="11" height="11"/>
 <SubTexture name="18.png" x="0" y="58" width="39" height="39"/>
 <SubTexture name="19.png" x="0" y="0" width="56" height="56"/>
 <SubTexture name="20.png" x="114" y="0" width="54" height="54"/>
 <SubTexture name="21.png" x="58" y="0" width="54" height="54"/>
 <SubTexture name="22.png" x="170" y="0" width="52" height="52"/>
 <SubTexture name="23.png" x="170" y="54" width="46" height="45"/>
</TextureAtlas>