<TextureAtlas name="guai06" imagePath="texture.png">
 <SubTexture name="补间 12" x="223" y="0" width="14" height="90"/>
 <SubTexture name="14.png" x="78" y="198" width="19" height="11"/>
 <SubTexture name="补间 5" x="239" y="94" width="10" height="26"/>
 <SubTexture name="16.png" x="154" y="200" width="16" height="10"/>
 <SubTexture name="补间 4" x="148" y="81" width="39" height="67"/>
 <SubTexture name="12.png" x="134" y="150" width="18" height="50"/>
 <SubTexture name="4.png" x="86" y="81" width="46" height="71"/>
 <SubTexture name="补间 8" x="189" y="81" width="16" height="65"/>
 <SubTexture name="7.png" x="108" y="154" width="17" height="45"/>
 <SubTexture name="补间 9" x="220" y="128" width="25" height="60"/>
 <SubTexture name="5.png" x="86" y="0" width="61" height="79"/>
 <SubTexture name="补间 6" x="86" y="154" width="20" height="42"/>
 <SubTexture name="15.png" x="230" y="190" width="19" height="11"/>
 <SubTexture name="补间 7" x="210" y="190" width="18" height="39"/>
 <SubTexture name="17.png" x="172" y="200" width="16" height="9"/>
 <SubTexture name="xuan" x="207" y="81" width="1" height="8"/>
 <SubTexture name="13.png" x="189" y="148" width="19" height="50"/>
 <SubTexture name="补间 3" x="134" y="81" width="12" height="35"/>
 <SubTexture name="9.png" x="154" y="150" width="18" height="48"/>
 <SubTexture name="补间 10" x="0" y="0" width="41" height="184"/>
 <SubTexture name="23.png" x="43" y="0" width="41" height="184"/>
 <SubTexture name="21.png" x="239" y="47" width="13" height="45"/>
 <SubTexture name="补间 11" x="212" y="0" width="9" height="115"/>
 <SubTexture name="20.png" x="239" y="0" width="15" height="45"/>
 <SubTexture name="补间 1" x="52" y="186" width="24" height="34"/>
 <SubTexture name="补间 2" x="223" y="92" width="14" height="34"/>
 <SubTexture name="26.png" x="149" y="0" width="61" height="79"/>
 <SubTexture name="2.png" x="0" y="186" width="24" height="35"/>
 <SubTexture name="1.png" x="26" y="186" width="24" height="34"/>
 <SubTexture name="kongbai" x="207" y="117" width="11" height="11"/>
</TextureAtlas>