<dragonBones name="jinbi" frameRate="24" version="2.3">
 <armature name="jinbi">
  <bone name="图层 1">
   <transform x="0.1" y="-21.15" skX="0" skY="0" scX="1" scY="1"/>
  </bone>
  <skin name="default">
   <slot name="图层 1" parent="图层 1" z="0">
    <display name="1.png" type="image">
     <transform x="-22" y="-21.5" skX="0" skY="0" scX="1" scY="1" pX="0" pY="0"/>
    </display>
    <display name="2.png" type="image">
     <transform x="-18" y="-21.5" skX="0" skY="0" scX="1" scY="1" pX="0" pY="0"/>
    </display>
    <display name="3.png" type="image">
     <transform x="-4.5" y="-21" skX="0" skY="0" scX="1" scY="1" pX="0" pY="0"/>
    </display>
   </slot>
  </skin>
  <animation name="daiji" fadeInTime="0" duration="8" scale="1.5" loop="0" autoTween="0" tweenEasing="NaN">
   <timeline name="图层 1" scale="1" offset="0">
    <frame z="0" duration="2">
     <transform x="0.1" y="-21.15" skX="0" skY="0" scX="1" scY="1" pX="0" pY="0"/>
    </frame>
    <frame z="0" displayIndex="1" duration="2">
     <transform x="1.25" y="-21.15" skX="0" skY="0" scX="1" scY="1" pX="0" pY="0"/>
    </frame>
    <frame z="0" displayIndex="2" duration="2">
     <transform x="0.25" y="-21" skX="0" skY="0" scX="1" scY="1" pX="0" pY="0"/>
    </frame>
    <frame z="0" displayIndex="1" duration="2">
     <transform x="-1.25" y="-21.15" skX="0" skY="0" scX="-1" scY="1" pX="0" pY="0"/>
    </frame>
   </timeline>
  </animation>
 </armature>
</dragonBones>