<TextureAtlas name="nero" imagePath="texture.png">
 <SubTexture name="shou04" x="577" y="494" width="41" height="67"/>
 <SubTexture name="jiao01" x="916" y="443" width="45" height="70"/>
 <SubTexture name="shou09" x="236" y="705" width="62" height="34"/>
 <SubTexture name="jiao02" x="3701" y="442" width="66" height="82"/>
 <SubTexture name="qunzi04" x="3765" y="747" width="195" height="167"/>
 <SubTexture name="jiao04" x="2719" y="479" width="42" height="69"/>
 <SubTexture name="qunzi02" x="3709" y="198" width="61" height="142"/>
 <SubTexture name="shou05" x="619" y="504" width="36" height="58"/>
 <SubTexture name="jiao03" x="3668" y="438" width="32" height="71"/>
 <SubTexture name="qunzi03" x="1236" y="272" width="43" height="132"/>
 <SubTexture name="xiashen01" x="2263" y="540" width="224" height="207"/>
 <SubTexture name="shou06" x="1599" y="310" width="21" height="22"/>
 <SubTexture name="xiashen15" x="1606" y="727" width="186" height="190"/>
 <SubTexture name="qunzi01" x="2700" y="615" width="58" height="59"/>
 <SubTexture name="jiao06" x="236" y="669" width="77" height="35"/>
 <SubTexture name="canying03" x="1478" y="941" width="118" height="105"/>
 <SubTexture name="133.png" x="257" y="1342" width="131" height="107"/>
 <SubTexture name="134.png" x="3883" y="1279" width="155" height="109"/>
 <SubTexture name="135.png" x="3712" y="1279" width="169" height="95"/>
 <SubTexture name="136.png" x="2048" y="1371" width="165" height="74"/>
 <SubTexture name="137.png" x="2599" y="1320" width="138" height="111"/>
 <SubTexture name="138.png" x="3668" y="673" width="86" height="60"/>
 <SubTexture name="139.png" x="3963" y="486" width="104" height="286"/>
 <SubTexture name="140.png" x="1821" y="234" width="110" height="286"/>
 <SubTexture name="141.png" x="1511" y="419" width="108" height="286"/>
 <SubTexture name="142.png" x="3963" y="198" width="116" height="286"/>
 <SubTexture name="143.png" x="1819" y="522" width="103" height="285"/>
 <SubTexture name="144.png" x="3383" y="187" width="77" height="277"/>
 <SubTexture name="xiashen04" x="323" y="494" width="253" height="190"/>
 <SubTexture name="xiashen05" x="306" y="872" width="241" height="159"/>
 <SubTexture name="xiashen06" x="3412" y="886" width="236" height="157"/>
 <SubTexture name="pao01" x="1915" y="897" width="230" height="163"/>
 <SubTexture name="pao02" x="967" y="272" width="268" height="198"/>
 <SubTexture name="pao03" x="2682" y="805" width="213" height="191"/>
 <SubTexture name="pao04" x="2667" y="997" width="159" height="181"/>
 <SubTexture name="pao05" x="2896" y="984" width="178" height="174"/>
 <SubTexture name="pao06" x="2765" y="602" width="168" height="201"/>
 <SubTexture name="pao07" x="1760" y="1013" width="154" height="186"/>
 <SubTexture name="pao08" x="2486" y="912" width="180" height="178"/>
 <SubTexture name="shenti05" x="1217" y="556" width="60" height="63"/>
 <SubTexture name="shenti06" x="253" y="459" width="68" height="79"/>
 <SubTexture name="jian01" x="3147" y="0" width="325" height="186"/>
 <SubTexture name="xiashen16" x="1621" y="519" width="197" height="207"/>
 <SubTexture name="0.png 副本 2" x="2063" y="1279" width="174" height="90"/>
 <SubTexture name="1.png 副本 3" x="2624" y="1179" width="202" height="100"/>
 <SubTexture name="2.png 副本 3" x="3323" y="1127" width="213" height="95"/>
 <SubTexture name="3.png 副本 3" x="2166" y="445" width="90" height="87"/>
 <SubTexture name="xiashen20" x="1933" y="489" width="219" height="221"/>
 <SubTexture name="xiashen14" x="1274" y="657" width="208" height="204"/>
 <SubTexture name="toufa03" x="4075" y="65" width="13" height="41"/>
 <SubTexture name="shenti01" x="1236" y="405" width="60" height="79"/>
 <SubTexture name="xiashen21" x="2951" y="341" width="188" height="232"/>
 <SubTexture name="xiashen22" x="656" y="518" width="199" height="235"/>
 <SubTexture name="xiashen23" x="1297" y="419" width="213" height="237"/>
 <SubTexture name="xiashen24" x="2496" y="505" width="203" height="234"/>
 <SubTexture name="xiashen25" x="1933" y="253" width="232" height="235"/>
 <SubTexture name="shou08" x="916" y="323" width="40" height="119"/>
 <SubTexture name="tou01" x="1217" y="620" width="56" height="61"/>
 <SubTexture name="shenti08" x="3768" y="493" width="163" height="253"/>
 <SubTexture name="shenti09" x="3462" y="198" width="246" height="239"/>
 <SubTexture name="shou01" x="3381" y="591" width="52" height="69"/>
 <SubTexture name="补间 1" x="2263" y="937" width="212" height="144"/>
 <SubTexture name="shou02" x="625" y="327" width="29" height="63"/>
 <SubTexture name="xiashen07" x="0" y="459" width="252" height="194"/>
 <SubTexture name="xiashen08" x="656" y="323" width="259" height="194"/>
 <SubTexture name="xiashen18" x="0" y="654" width="235" height="191"/>
 <SubTexture name="xiashen09" x="962" y="471" width="254" height="190"/>
 <SubTexture name="shenti02" x="3698" y="525" width="61" height="74"/>
 <SubTexture name="yanjing01" x="4069" y="510" width="26" height="9"/>
 <SubTexture name="shou03" x="4069" y="486" width="26" height="23"/>
 <SubTexture name="shou10" x="625" y="446" width="25" height="31"/>
 <SubTexture name="shou07" x="2719" y="247" width="51" height="135"/>
 <SubTexture name="youfa01" x="616" y="563" width="38" height="34"/>
 <SubTexture name="tou03" x="2700" y="549" width="64" height="65"/>
 <SubTexture name="tou02" x="1217" y="485" width="66" height="70"/>
 <SubTexture name="toufa04" x="1599" y="251" width="21" height="58"/>
 <SubTexture name="hudiejie01" x="4075" y="107" width="20" height="26"/>
 <SubTexture name="xiashen19" x="3462" y="438" width="205" height="236"/>
 <SubTexture name="shenti12" x="3147" y="187" width="235" height="250"/>
 <SubTexture name="toufa05" x="913" y="554" width="42" height="36"/>
 <SubTexture name="toufa02" x="4075" y="0" width="19" height="64"/>
 <SubTexture name="补间 4" x="625" y="418" width="28" height="27"/>
 <SubTexture name="shenti04" x="552" y="704" width="103" height="85"/>
 <SubTexture name="xiashen02" x="956" y="662" width="237" height="188"/>
 <SubTexture name="xiashen03" x="314" y="685" width="237" height="186"/>
 <SubTexture name="shenti10" x="253" y="539" width="65" height="66"/>
 <SubTexture name="xiashen10" x="1298" y="251" width="300" height="167"/>
 <SubTexture name="xiashen11" x="337" y="327" width="287" height="166"/>
 <SubTexture name="xiashen12" x="3101" y="648" width="265" height="166"/>
 <SubTexture name="xiashen13" x="3140" y="438" width="240" height="209"/>
 <SubTexture name="shenti03" x="253" y="606" width="57" height="62"/>
 <SubTexture name="shenti07" x="3649" y="975" width="111" height="105"/>
 <SubTexture name="__dbTextures/nero/yanjing01_91" x="3932" y="571" width="29" height="25"/>
 <SubTexture name="__dbTextures/nero/yanjing01_92" x="625" y="478" width="29" height="25"/>
 <SubTexture name="__dbTextures/nero/yanjing01_93" x="3932" y="545" width="29" height="25"/>
 <SubTexture name="__dbTextures/nero/yanjing01_94" x="3668" y="510" width="29" height="25"/>
 <SubTexture name="__dbTextures/nero/yanjing01_95" x="3668" y="536" width="29" height="25"/>
 <SubTexture name="__dbTextures/nero/yanjing01_96" x="3932" y="519" width="29" height="25"/>
 <SubTexture name="__dbTextures/nero/yanjing01_97" x="3932" y="493" width="29" height="25"/>
 <SubTexture name="__dbTextures/nero/yanjing01_98" x="3668" y="562" width="29" height="25"/>
 <SubTexture name="补间 3" x="625" y="391" width="29" height="26"/>
 <SubTexture name="47.png" x="3075" y="1148" width="182" height="124"/>
 <SubTexture name="canying01" x="0" y="846" width="304" height="135"/>
 <SubTexture name="__dbTextures/nero/toufa02_148" x="577" y="562" width="38" height="35"/>
 <SubTexture name="46.png" x="3910" y="1153" width="182" height="124"/>
 <SubTexture name="canying02" x="265" y="1032" width="242" height="133"/>
 <SubTexture name="145.png" x="2828" y="1160" width="164" height="142"/>
 <SubTexture name="147.png" x="3919" y="985" width="174" height="166"/>
 <SubTexture name="149.png" x="1537" y="1263" width="152" height="122"/>
 <SubTexture name="151.png" x="1691" y="1365" width="148" height="92"/>
 <SubTexture name="154.png" x="1459" y="1387" width="148" height="75"/>
 <SubTexture name="156.png" x="2239" y="1351" width="153" height="88"/>
 <SubTexture name="158.png" x="3617" y="1376" width="145" height="91"/>
 <SubTexture name="160.png" x="2989" y="1369" width="146" height="94"/>
 <SubTexture name="162.png" x="1312" y="1379" width="145" height="91"/>
 <SubTexture name="164.png" x="2739" y="1395" width="140" height="76"/>
 <SubTexture name="166.png" x="617" y="1419" width="139" height="75"/>
 <SubTexture name="168.png" x="2146" y="1007" width="110" height="76"/>
 <SubTexture name="44.png" x="1013" y="1134" width="182" height="124"/>
 <SubTexture name="kongbai" x="1599" y="333" width="21" height="21"/>
 <SubTexture name="1.png 副本 4" x="856" y="709" width="57" height="38"/>
 <SubTexture name="2.png 副本 4" x="236" y="740" width="56" height="36"/>
 <SubTexture name="3.png 副本 4" x="2700" y="723" width="55" height="39"/>
 <SubTexture name="1.png" x="829" y="1091" width="304" height="41"/>
 <SubTexture name="3.png" x="907" y="1034" width="314" height="55"/>
 <SubTexture name="4.png" x="3259" y="1224" width="253" height="46"/>
 <SubTexture name="8.png" x="3091" y="948" width="298" height="85"/>
 <SubTexture name="10.png" x="0" y="330" width="328" height="127"/>
 <SubTexture name="11.png" x="3323" y="1044" width="267" height="81"/>
 <SubTexture name="shou11" x="1194" y="682" width="58" height="46"/>
 <SubTexture name="2.png" x="2599" y="1281" width="221" height="37"/>
 <SubTexture name="5.png" x="656" y="754" width="280" height="157"/>
 <SubTexture name="6.png" x="907" y="953" width="299" height="79"/>
 <SubTexture name="7.png" x="3259" y="1272" width="203" height="69"/>
 <SubTexture name="12.png" x="1915" y="1061" width="196" height="130"/>
 <SubTexture name="13.png" x="2896" y="818" width="193" height="164"/>
 <SubTexture name="14.png" x="2488" y="740" width="192" height="170"/>
 <SubTexture name="15.png" x="3754" y="1118" width="154" height="159"/>
 <SubTexture name="9.png" x="650" y="913" width="255" height="143"/>
 <SubTexture name="29.png" x="3764" y="1452" width="99" height="55"/>
 <SubTexture name="30.png" x="138" y="1453" width="99" height="55"/>
 <SubTexture name="31.png" x="2099" y="1447" width="99" height="55"/>
 <SubTexture name="32.png" x="1459" y="1464" width="99" height="55"/>
 <SubTexture name="49.png" x="938" y="851" width="315" height="100"/>
 <SubTexture name="50.png" x="3075" y="1035" width="246" height="111"/>
 <SubTexture name="51.png" x="1223" y="1042" width="222" height="114"/>
 <SubTexture name="52.png" x="2420" y="1091" width="202" height="117"/>
 <SubTexture name="57.png" x="0" y="0" width="335" height="328"/>
 <SubTexture name="58.png" x="2266" y="0" width="234" height="306"/>
 <SubTexture name="59.png" x="2502" y="247" width="215" height="256"/>
 <SubTexture name="60.png" x="1577" y="1121" width="172" height="140"/>
 <SubTexture name="61.png" x="337" y="0" width="317" height="325"/>
 <SubTexture name="62.png" x="656" y="0" width="309" height="321"/>
 <SubTexture name="63.png" x="2502" y="0" width="285" height="245"/>
 <SubTexture name="64.png" x="1751" y="1200" width="133" height="163"/>
 <SubTexture name="65.png" x="0" y="1097" width="154" height="163"/>
 <SubTexture name="66.png" x="1298" y="0" width="321" height="249"/>
 <SubTexture name="67.png" x="1621" y="0" width="330" height="232"/>
 <SubTexture name="68.png" x="1953" y="0" width="311" height="251"/>
 <SubTexture name="69.png" x="2263" y="308" width="231" height="230"/>
 <SubTexture name="88.png" x="641" y="1202" width="161" height="132"/>
 <SubTexture name="89.png" x="2258" y="1083" width="160" height="162"/>
 <SubTexture name="90.png" x="3333" y="1343" width="128" height="95"/>
 <SubTexture name="91.png" x="0" y="1385" width="136" height="94"/>
 <SubTexture name="92.png" x="794" y="1384" width="141" height="92"/>
 <SubTexture name="93.png" x="960" y="1260" width="200" height="75"/>
 <SubTexture name="94.png" x="3101" y="815" width="309" height="131"/>
 <SubTexture name="95.png" x="0" y="983" width="263" height="112"/>
 <SubTexture name="96.png" x="3592" y="1081" width="160" height="163"/>
 <SubTexture name="97.png" x="258" y="1167" width="131" height="173"/>
 <SubTexture name="98.png" x="2420" y="1327" width="164" height="83"/>
 <SubTexture name="jiao05" x="856" y="685" width="73" height="23"/>
 <SubTexture name="xiashen17" x="1197" y="1158" width="181" height="127"/>
 <SubTexture name="shenti11" x="856" y="518" width="56" height="73"/>
 <SubTexture name="45.png" x="829" y="1134" width="182" height="124"/>
 <SubTexture name="112.png 副本" x="509" y="1046" width="130" height="196"/>
 <SubTexture name="113.png" x="3771" y="198" width="190" height="293"/>
 <SubTexture name="114.png" x="1621" y="234" width="198" height="283"/>
 <SubTexture name="115.png" x="3452" y="675" width="200" height="209"/>
 <SubTexture name="116.png" x="3961" y="774" width="125" height="209"/>
 <SubTexture name="117.png" x="1793" y="809" width="120" height="202"/>
 <SubTexture name="146.png" x="548" y="880" width="100" height="82"/>
 <SubTexture name="148.png" x="548" y="964" width="100" height="80"/>
 <SubTexture name="150.png" x="155" y="1327" width="100" height="74"/>
 <SubTexture name="152.png" x="390" y="1397" width="100" height="74"/>
 <SubTexture name="155.png" x="391" y="1321" width="100" height="74"/>
 <SubTexture name="157.png" x="2881" y="1395" width="100" height="74"/>
 <SubTexture name="159.png" x="391" y="1167" width="100" height="75"/>
 <SubTexture name="161.png" x="156" y="1097" width="100" height="75"/>
 <SubTexture name="163.png" x="391" y="1244" width="100" height="75"/>
 <SubTexture name="165.png" x="156" y="1174" width="100" height="75"/>
 <SubTexture name="167.png" x="156" y="1251" width="100" height="74"/>
 <SubTexture name="169.png" x="3764" y="1376" width="100" height="74"/>
 <SubTexture name="122.png" x="2537" y="1433" width="148" height="61"/>
 <SubTexture name="123.png" x="2394" y="1412" width="141" height="73"/>
 <SubTexture name="124.png" x="2215" y="1441" width="138" height="68"/>
 <SubTexture name="125.png" x="937" y="1420" width="146" height="67"/>
 <SubTexture name="129.png" x="2153" y="534" width="108" height="245"/>
 <SubTexture name="130.png" x="2151" y="781" width="110" height="224"/>
 <SubTexture name="131.png" x="1483" y="707" width="121" height="232"/>
 <SubTexture name="132.png" x="3654" y="735" width="109" height="238"/>
 <SubTexture name="0.png 副本" x="1886" y="1348" width="160" height="81"/>
 <SubTexture name="1.png 副本 2" x="632" y="1336" width="160" height="81"/>
 <SubTexture name="2.png 副本 2" x="3171" y="1343" width="160" height="81"/>
 <SubTexture name="3.png 副本 2" x="960" y="1337" width="160" height="81"/>
 <SubTexture name="0.png" x="641" y="1058" width="186" height="142"/>
 <SubTexture name="1.png 副本" x="1255" y="862" width="221" height="178"/>
 <SubTexture name="2.png 副本" x="1924" y="711" width="225" height="184"/>
 <SubTexture name="3.png 副本" x="2263" y="748" width="221" height="187"/>
 <SubTexture name="33.png" x="1379" y="1241" width="156" height="136"/>
 <SubTexture name="34.png" x="256" y="1451" width="127" height="52"/>
 <SubTexture name="35.png" x="2983" y="1465" width="99" height="37"/>
 <SubTexture name="37.png" x="3367" y="661" width="83" height="77"/>
 <SubTexture name="38.png" x="3381" y="532" width="72" height="57"/>
 <SubTexture name="39.png" x="3367" y="740" width="60" height="26"/>
 <SubTexture name="53.png" x="2166" y="350" width="93" height="93"/>
 <SubTexture name="54.png" x="804" y="1260" width="154" height="122"/>
 <SubTexture name="55.png" x="0" y="1262" width="153" height="121"/>
 <SubTexture name="56.png" x="2166" y="253" width="95" height="95"/>
 <SubTexture name="70.png" x="3514" y="1246" width="196" height="85"/>
 <SubTexture name="71.png" x="2994" y="1274" width="175" height="93"/>
 <SubTexture name="72.png" x="2420" y="1210" width="177" height="115"/>
 <SubTexture name="73.png" x="2243" y="1247" width="175" height="102"/>
 <SubTexture name="74.png" x="1162" y="1286" width="148" height="109"/>
 <SubTexture name="75.png" x="138" y="1403" width="116" height="48"/>
 <SubTexture name="126.png" x="493" y="1386" width="122" height="97"/>
 <SubTexture name="127.png" x="552" y="790" width="99" height="88"/>
 <SubTexture name="128.png" x="577" y="598" width="59" height="59"/>
 <SubTexture name="109.png" x="967" y="0" width="329" height="270"/>
 <SubTexture name="110.png" x="2771" y="341" width="178" height="259"/>
 <SubTexture name="111.png" x="2951" y="574" width="148" height="242"/>
 <SubTexture name="20.png" x="2822" y="1304" width="165" height="89"/>
 <SubTexture name="21.png" x="3464" y="1333" width="151" height="92"/>
 <SubTexture name="22.png" x="1841" y="1431" width="123" height="87"/>
 <SubTexture name="23.png" x="3668" y="600" width="94" height="71"/>
 <SubTexture name="36.png" x="1966" y="1447" width="131" height="59"/>
 <SubTexture name="76.png" x="3279" y="1440" width="136" height="73"/>
 <SubTexture name="77.png" x="3137" y="1426" width="140" height="73"/>
 <SubTexture name="78.png" x="1609" y="1459" width="134" height="51"/>
 <SubTexture name="补间 14" x="2968" y="0" width="178" height="340"/>
 <SubTexture name="补间 15" x="2789" y="0" width="178" height="340"/>
 <SubTexture name="103.png" x="2719" y="383" width="45" height="94"/>
 <SubTexture name="104.png" x="3709" y="341" width="46" height="99"/>
 <SubTexture name="108.png" x="3381" y="466" width="75" height="64"/>
 <SubTexture name="40.png" x="916" y="514" width="44" height="38"/>
 <SubTexture name="41.png" x="2700" y="676" width="58" height="45"/>
 <SubTexture name="42.png" x="577" y="659" width="70" height="43"/>
 <SubTexture name="43.png" x="1194" y="729" width="64" height="30"/>
 <SubTexture name="79.png" x="3463" y="1427" width="132" height="81"/>
 <SubTexture name="80.png" x="3866" y="1390" width="142" height="79"/>
 <SubTexture name="81.png" x="1122" y="1397" width="144" height="70"/>
 <SubTexture name="补间 12" x="3473" y="0" width="300" height="197"/>
 <SubTexture name="补间 13" x="3774" y="0" width="300" height="197"/>
 <SubTexture name="补间 18" x="3765" y="915" width="153" height="201"/>
 <SubTexture name="补间 19" x="1606" y="918" width="153" height="201"/>
 <SubTexture name="补间 20" x="2113" y="1085" width="129" height="193"/>
 <SubTexture name="补间 21" x="1447" y="1047" width="129" height="193"/>
 <SubTexture name="105.png" x="856" y="592" width="98" height="91"/>
 <SubTexture name="106.png" x="1915" y="1193" width="146" height="153"/>
 <SubTexture name="107.png" x="493" y="1244" width="137" height="140"/>
</TextureAtlas>