<dragonBones name="guai_effect" frameRate="24" version="2.3">
 <armature name="guai_effect">
  <bone name="图层 1">
   <transform x="-46.2" y="-0.96" skX="0" skY="0" scX="-1.67" scY="1.67"/>
  </bone>
  <skin name="default">
   <slot name="图层 1" parent="图层 1" z="0">
    <display name="0.png" type="image">
     <transform x="-29.6" y="-37.2" skX="0" skY="0" scX="1" scY="1" pX="0" pY="0"/>
    </display>
    <display name="1.png" type="image">
     <transform x="-30.4" y="-44" skX="0" skY="0" scX="1" scY="1" pX="0" pY="0"/>
    </display>
    <display name="2.png" type="image">
     <transform x="-30.76" y="-45.2" skX="0" skY="0" scX="1" scY="1" pX="0" pY="0"/>
    </display>
   </slot>
  </skin>
  <animation name="shouji1" fadeInTime="0" duration="6" scale="1" loop="1" autoTween="1" tweenEasing="NaN">
   <timeline name="图层 1" scale="1" offset="0">
    <frame z="0" duration="1">
     <transform x="-46.2" y="-0.96" skX="0" skY="0" scX="-1.67" scY="1.67" pX="0" pY="0"/>
    </frame>
    <frame z="0" duration="1">
     <transform x="-52.48" y="-1" skX="0" skY="0" scX="-1.98" scY="1.98" pX="0" pY="0"/>
    </frame>
    <frame z="0" displayIndex="1" duration="1">
     <transform x="-52.16" y="-3.92" skX="0" skY="0" scX="-2.23" scY="2.23" pX="0" pY="0"/>
    </frame>
    <frame z="0" displayIndex="1" duration="1">
     <transform x="-57.32" y="-3.96" skX="0" skY="0" scX="-2.49" scY="2.49" pX="0.04" pY="0"/>
    </frame>
    <frame z="0" displayIndex="2" duration="1">
     <transform x="-64.76" y="-2.12" skX="0" skY="0" scX="-2.67" scY="2.67" pX="0" pY="0"/>
    </frame>
    <frame z="0" displayIndex="2" duration="1">
     <transform x="-73.12" y="-2.08" skX="0" skY="0" scX="-2.97" scY="2.97" pX="-0.08" pY="0"/>
    </frame>
   </timeline>
  </animation>
 </armature>
</dragonBones>